"Date ","series ","OPEN ","HIGH ","LOW ","PREV. CLOSE ","ltp ","close ","vwap ","52W H ","52W L ","VOLUME ","VALUE ","No of trades "
"25-Jun-2021","EQ","2,415.00","2,442.00","2,394.05","2,398.85","2,415.15","2,423.15","2,419.07","2,505.75","1,166.00","766,422","1,854,028,659.70","41,809"
"24-Jun-2021","EQ","2,432.55","2,441.60","2,386.40","2,432.55","2,401.05","2,398.85","2,406.29","2,505.75","1,166.00","898,667","2,162,453,173.95","46,974"
"23-Jun-2021","EQ","2,445.15","2,505.75","2,421.25","2,446.30","2,425.40","2,432.55","2,460.09","2,505.75","1,166.00","1,929,439","4,746,584,892.50","88,639"
"22-Jun-2021","EQ","2,341.00","2,494.45","2,341.00","2,321.40","2,442.20","2,446.30","2,445.73","2,494.45","1,166.00","3,670,120","8,976,133,646.20","163,883"
"21-Jun-2021","EQ","2,190.00","2,336.00","2,185.00","2,236.50","2,335.00","2,321.40","2,274.79","2,336.00","1,166.00","1,648,626","3,750,279,250.55","75,663"
"18-Jun-2021","EQ","2,170.00","2,255.00","2,118.50","2,163.10","2,245.00","2,236.50","2,190.60","2,331.00","1,015.05","1,403,778","3,075,119,582.30","69,852"
"17-Jun-2021","EQ","2,194.90","2,222.20","2,142.00","2,210.65","2,165.95","2,163.10","2,182.10","2,331.00","1,015.05","865,679","1,888,998,069.20","43,162"
"16-Jun-2021","EQ","2,233.85","2,244.00","2,191.00","2,217.05","2,207.00","2,210.65","2,222.05","2,331.00","1,015.05","679,546","1,509,983,723.70","34,058"
"15-Jun-2021","EQ","2,232.00","2,268.60","2,201.05","2,218.60","2,219.00","2,217.05","2,230.98","2,331.00","1,015.05","892,965","1,992,187,973.85","38,017"
"14-Jun-2021","EQ","2,252.90","2,252.90","2,161.00","2,252.80","2,221.65","2,218.60","2,205.77","2,331.00","1,015.05","944,837","2,084,096,079.45","45,512"
"11-Jun-2021","EQ","2,188.00","2,331.00","2,180.95","2,195.95","2,256.00","2,252.80","2,279.80","2,331.00","990.00","3,401,862","7,755,573,498.45","161,007"
"10-Jun-2021","EQ","2,140.00","2,221.00","2,128.00","2,128.45","2,189.00","2,195.95","2,165.25","2,237.95","990.00","1,258,802","2,725,625,646.25","58,210"
"09-Jun-2021","EQ","2,160.00","2,199.20","2,111.00","2,166.70","2,123.00","2,128.45","2,147.38","2,237.95","990.00","2,788,675","5,988,343,808.70","124,170"
"08-Jun-2021","EQ","1,968.95","2,237.95","1,940.55","1,960.75","2,168.95","2,166.70","2,099.21","2,237.95","990.00","6,095,588","12,795,923,417.95","244,184"
"07-Jun-2021","EQ","1,939.80","2,055.00","1,905.85","1,928.10","1,952.90","1,960.75","1,984.36","2,055.00","990.00","2,987,925","5,929,117,658.75","125,922"
"04-Jun-2021","EQ","1,845.00","1,938.00","1,833.05","1,841.15","1,932.00","1,928.10","1,898.94","2,007.70","985.10","2,050,140","3,893,085,348.10","89,084"
"03-Jun-2021","EQ","1,848.50","1,871.10","1,833.95","1,841.30","1,838.70","1,841.15","1,850.63","2,007.70","985.10","666,201","1,232,892,308.15","26,256"
"02-Jun-2021","EQ","1,800.00","1,845.40","1,800.00","1,796.95","1,841.50","1,841.30","1,826.96","2,007.70","985.10","928,453","1,696,245,694.35","35,856"
"01-Jun-2021","EQ","1,824.95","1,846.85","1,776.00","1,816.20","1,797.00","1,796.95","1,811.03","2,007.70","985.10","825,452","1,494,920,702.00","31,762"
"31-May-2021","EQ","1,799.00","1,842.45","1,787.20","1,785.90","1,813.20","1,816.20","1,819.29","2,007.70","985.10","1,175,571","2,138,707,551.75","49,625"
"28-May-2021","EQ","1,810.00","1,816.35","1,772.55","1,808.40","1,782.90","1,785.90","1,790.54","2,007.70","900.05","941,131","1,685,135,669.40","37,234"
"27-May-2021","EQ","1,703.95","1,820.00","1,687.05","1,701.60","1,804.05","1,808.40","1,770.26","2,007.70","900.05","2,748,543","4,865,623,250.55","90,471"
"26-May-2021","EQ","1,709.10","1,733.85","1,697.10","1,700.60","1,704.00","1,701.60","1,715.69","2,007.70","900.05","569,922","977,809,355.00","24,600"
"25-May-2021","EQ","1,705.10","1,728.80","1,688.00","1,699.95","1,702.40","1,700.60","1,708.64","2,007.70","900.05","828,396","1,415,426,588.85","37,448"
"24-May-2021","EQ","1,735.80","1,749.45","1,694.00","1,728.70","1,697.00","1,699.95","1,719.41","2,007.70","900.05","692,885","1,191,356,513.05","25,435"
"21-May-2021","EQ","1,689.60","1,748.80","1,686.10","1,680.80","1,728.00","1,728.70","1,727.18","2,007.70","845.35","1,659,140","2,865,626,877.40","57,230"
"20-May-2021","EQ","1,685.00","1,710.00","1,672.00","1,687.00","1,682.20","1,680.80","1,692.60","2,007.70","845.35","499,607","845,636,998.15","22,808"
"19-May-2021","EQ","1,692.45","1,712.00","1,671.00","1,692.45","1,684.05","1,687.00","1,696.17","2,007.70","845.35","936,225","1,587,993,071.05","28,800"
"18-May-2021","EQ","1,658.00","1,704.00","1,655.05","1,652.95","1,691.00","1,692.45","1,690.90","2,007.70","845.35","972,726","1,644,785,456.05","30,712"
"17-May-2021","EQ","1,635.90","1,663.80","1,624.00","1,633.65","1,650.00","1,652.95","1,648.21","2,007.70","845.35","464,287","765,241,618.95","20,616"
"14-May-2021","EQ","1,666.00","1,690.00","1,615.30","1,694.75","1,627.00","1,633.65","1,637.48","2,007.70","802.30","1,775,371","2,907,140,013.40","53,937"
"12-May-2021","EQ","1,692.00","1,716.00","1,672.00","1,692.90","1,698.00","1,694.75","1,695.70","2,007.70","802.30","592,737","1,005,102,079.05","25,483"
"11-May-2021","EQ","1,700.00","1,724.95","1,685.00","1,707.00","1,692.00","1,692.90","1,700.92","2,007.70","802.30","738,291","1,255,774,076.55","25,157"
"10-May-2021","EQ","1,684.00","1,715.00","1,677.30","1,669.65","1,714.95","1,707.00","1,696.59","2,007.70","802.30","443,010","751,606,746.60","21,705"
"07-May-2021","EQ","1,709.00","1,713.50","1,660.00","1,700.10","1,668.00","1,669.65","1,684.21","2,007.70","802.30","727,800","1,225,766,661.45","30,242"
"06-May-2021","EQ","1,727.95","1,730.00","1,685.00","1,720.90","1,700.00","1,700.10","1,700.99","2,007.70","802.30","565,645","962,154,942.20","36,460"
"05-May-2021","EQ","1,689.00","1,733.00","1,674.35","1,664.55","1,720.00","1,720.90","1,713.48","2,007.70","802.30","977,956","1,675,711,893.60","43,006"
"04-May-2021","EQ","1,712.00","1,726.65","1,656.50","1,707.35","1,665.00","1,664.55","1,692.30","2,007.70","802.30","754,176","1,276,294,526.85","40,871"
"03-May-2021","EQ","1,655.10","1,715.80","1,654.50","1,680.20","1,710.00","1,707.35","1,696.65","2,007.70","802.30","635,669","1,078,505,208.55","27,232"
"30-Apr-2021","EQ","1,687.00","1,714.00","1,662.50","1,692.45","1,675.00","1,680.20","1,694.76","2,007.70","802.30","765,368","1,297,116,578.35","30,607"
"29-Apr-2021","EQ","1,719.00","1,738.50","1,685.00","1,708.35","1,690.00","1,692.45","1,705.80","2,007.70","802.30","745,963","1,272,465,121.75","33,681"
"28-Apr-2021","EQ","1,673.90","1,729.00","1,665.05","1,659.00","1,704.90","1,708.35","1,699.04","2,007.70","802.30","1,118,641","1,900,611,520.80","45,958"
"27-Apr-2021","EQ","1,643.90","1,670.00","1,612.00","1,635.20","1,655.25","1,659.00","1,639.48","2,007.70","802.30","1,102,390","1,807,342,843.60","43,688"
"26-Apr-2021","EQ","1,670.00","1,684.10","1,625.45","1,647.25","1,635.65","1,635.20","1,641.43","2,007.70","802.30","822,708","1,350,417,959.55","31,655"
"23-Apr-2021","EQ","1,654.30","1,669.45","1,635.00","1,656.55","1,643.80","1,647.25","1,655.52","2,007.70","802.30","706,753","1,170,040,731.50","41,957"
"22-Apr-2021","EQ","1,693.75","1,693.75","1,651.00","1,704.00","1,656.20","1,656.55","1,659.22","2,007.70","802.30","1,202,862","1,995,810,363.95","46,901"
"20-Apr-2021","EQ","1,690.00","1,758.35","1,680.00","1,663.00","1,701.00","1,704.00","1,724.10","2,007.70","802.30","1,398,433","2,411,043,350.05","57,175"
"19-Apr-2021","EQ","1,676.00","1,686.85","1,626.25","1,720.05","1,668.00","1,663.00","1,650.36","2,007.70","802.30","618,646","1,020,987,064.95","26,581"
"16-Apr-2021","EQ","1,716.00","1,751.70","1,703.85","1,716.50","1,717.80","1,720.05","1,729.14","2,007.70","802.30","556,765","962,723,877.95","27,154"
"15-Apr-2021","EQ","1,715.00","1,738.00","1,682.10","1,714.10","1,709.00","1,716.50","1,704.21","2,007.70","802.30","714,230","1,217,199,054.00","31,849"
"13-Apr-2021","EQ","1,632.90","1,728.00","1,632.90","1,630.10","1,711.90","1,714.10","1,698.36","2,007.70","802.30","1,364,359","2,317,177,824.75","65,351"
"12-Apr-2021","EQ","1,768.00","1,768.00","1,607.10","1,809.20","1,637.00","1,630.10","1,683.07","2,007.70","802.30","1,423,645","2,396,092,753.80","55,363"
"09-Apr-2021","EQ","1,799.50","1,849.00","1,781.70","1,802.25","1,805.00","1,809.20","1,816.07","2,007.70","802.30","1,047,660","1,902,624,167.90","39,496"
"08-Apr-2021","EQ","1,796.00","1,826.45","1,777.00","1,783.10","1,797.80","1,802.25","1,806.13","2,007.70","802.30","727,029","1,313,112,395.75","28,426"
"07-Apr-2021","EQ","1,751.50","1,800.00","1,750.85","1,750.20","1,782.10","1,783.10","1,780.14","2,007.70","802.30","626,889","1,115,950,929.35","24,878"
"06-Apr-2021","EQ","1,744.95","1,781.45","1,737.45","1,744.05","1,751.90","1,750.20","1,760.43","2,007.70","802.30","614,340","1,081,502,956.35","25,698"
"05-Apr-2021","EQ","1,797.00","1,797.00","1,690.00","1,779.80","1,748.85","1,744.05","1,734.32","2,007.70","802.30","878,698","1,523,946,700.70","36,363"
"01-Apr-2021","EQ","1,777.40","1,819.55","1,761.80","1,753.15","1,786.80","1,779.80","1,791.59","2,007.70","792.00","1,622,529","2,906,909,536.90","49,095"
"31-Mar-2021","EQ","1,765.00","1,853.45","1,741.65","1,764.70","1,746.00","1,753.15","1,776.65","2,007.70","792.00","2,078,267","3,692,345,360.35","67,705"
"30-Mar-2021","EQ","1,833.90","1,841.80","1,757.95","1,804.35","1,765.30","1,764.70","1,783.76","2,007.70","792.00","1,019,808","1,819,089,703.15","56,086"
"26-Mar-2021","EQ","1,823.00","1,829.95","1,776.00","1,793.00","1,803.20","1,804.35","1,804.44","2,007.70","606.85","1,329,029","2,398,155,074.15","36,924"
"25-Mar-2021","EQ","1,830.00","1,851.75","1,751.60","1,844.65","1,793.00","1,793.00","1,791.34","2,007.70","606.85","1,093,991","1,959,713,719.30","46,093"
"24-Mar-2021","EQ","1,890.30","1,909.20","1,835.20","1,910.70","1,839.55","1,844.65","1,872.44","2,007.70","606.85","582,449","1,090,598,184.00","20,582"
"23-Mar-2021","EQ","1,902.00","1,937.00","1,889.00","1,896.25","1,903.00","1,910.70","1,911.30","2,007.70","606.85","879,953","1,681,854,973.35","27,558"
"22-Mar-2021","EQ","1,889.00","1,919.05","1,865.70","1,889.05","1,895.00","1,896.25","1,892.49","2,007.70","606.85","748,612","1,416,742,420.45","34,958"
"19-Mar-2021","EQ","1,825.00","1,902.95","1,777.00","1,839.35","1,894.00","1,889.05","1,845.12","2,007.70","606.85","1,216,812","2,245,159,948.35","44,290"
"18-Mar-2021","EQ","1,810.75","1,885.00","1,810.75","1,809.70","1,842.00","1,839.35","1,854.51","2,007.70","606.85","1,490,814","2,764,730,312.95","59,166"
"17-Mar-2021","EQ","1,885.75","1,885.75","1,798.65","1,876.35","1,817.25","1,809.70","1,839.10","2,007.70","606.85","617,943","1,136,457,904.90","26,616"
"16-Mar-2021","EQ","1,881.90","1,889.80","1,852.20","1,863.25","1,872.00","1,876.35","1,870.51","2,007.70","606.85","716,919","1,341,001,540.60","28,992"
"15-Mar-2021","EQ","1,915.00","1,922.30","1,821.00","1,906.30","1,862.00","1,863.25","1,852.96","2,007.70","606.85","935,528","1,733,499,426.60","45,333"
"12-Mar-2021","EQ","1,970.00","1,979.80","1,883.00","1,957.80","1,902.05","1,906.30","1,921.12","2,007.70","606.85","1,125,876","2,162,942,359.45","40,131"
"10-Mar-2021","EQ","1,931.00","1,972.00","1,892.80","1,908.15","1,962.00","1,957.80","1,930.31","2,007.70","606.85","713,980","1,378,200,039.20","28,887"
"09-Mar-2021","EQ","1,947.45","1,947.45","1,869.00","1,917.00","1,902.00","1,908.15","1,907.82","2,007.70","606.85","765,738","1,460,888,590.10","29,235"
"08-Mar-2021","EQ","1,951.10","1,963.50","1,910.15","1,924.45","1,922.00","1,917.00","1,935.13","2,007.70","606.85","616,761","1,193,512,366.60","24,468"
"05-Mar-2021","EQ","1,950.00","1,988.00","1,900.05","1,956.75","1,934.00","1,924.45","1,946.93","2,007.70","606.85","1,352,191","2,632,616,448.00","49,852"
"04-Mar-2021","EQ","1,964.00","1,988.00","1,942.00","1,993.10","1,955.30","1,956.75","1,966.62","2,007.70","606.85","951,360","1,870,965,268.05","41,428"
"03-Mar-2021","EQ","1,940.45","2,007.70","1,930.00","1,918.70","1,989.80","1,993.10","1,976.36","2,007.70","606.85","1,836,089","3,628,766,977.05","73,131"
"02-Mar-2021","EQ","1,900.00","1,938.00","1,889.10","1,879.30","1,918.20","1,918.70","1,917.23","1,964.00","606.85","1,252,304","2,400,951,715.70","50,884"
"01-Mar-2021","EQ","1,862.30","1,945.60","1,855.00","1,829.25","1,880.10","1,879.30","1,896.04","1,964.00","606.85","1,993,564","3,779,880,692.05","74,837"
"26-Feb-2021","EQ","1,914.75","1,951.65","1,809.00","1,949.65","1,827.80","1,829.25","1,867.67","1,964.00","606.85","2,750,819","5,137,616,336.80","95,271"
"25-Feb-2021","EQ","1,873.95","1,964.00","1,868.20","1,859.20","1,953.95","1,949.65","1,937.93","1,964.00","606.85","2,361,039","4,575,528,798.50","98,438"
"24-Feb-2021","EQ","1,869.45","1,884.85","1,810.00","1,851.55","1,853.05","1,859.20","1,859.96","1,931.95","606.85","742,615","1,381,231,249.90","27,705"
"23-Feb-2021","EQ","1,814.90","1,925.00","1,811.90","1,807.25","1,860.00","1,851.55","1,881.20","1,931.95","606.85","2,868,872","5,396,917,058.25","95,327"
"22-Feb-2021","EQ","1,835.00","1,839.90","1,773.55","1,840.50","1,792.60","1,807.25","1,814.87","1,931.95","606.85","1,106,413","2,007,991,384.90","36,791"
"19-Feb-2021","EQ","1,888.00","1,888.00","1,803.00","1,899.15","1,842.00","1,840.50","1,853.09","1,931.95","606.85","1,439,543","2,667,606,759.05","59,486"
"18-Feb-2021","EQ","1,881.10","1,931.95","1,861.80","1,886.65","1,889.90","1,899.15","1,899.97","1,931.95","606.85","2,093,234","3,977,079,810.35","79,107"
"17-Feb-2021","EQ","1,830.00","1,895.00","1,820.00","1,842.10","1,881.10","1,886.65","1,863.36","1,895.00","606.85","2,149,253","4,004,827,251.50","71,868"
"16-Feb-2021","EQ","1,875.00","1,875.00","1,786.10","1,842.45","1,842.00","1,842.10","1,814.09","1,875.00","606.85","1,996,884","3,622,528,575.45","76,085"
"15-Feb-2021","EQ","1,738.10","1,859.00","1,730.00","1,729.95","1,854.00","1,842.45","1,807.29","1,859.00","606.85","3,507,893","6,339,783,083.70","104,802"
"12-Feb-2021","EQ","1,635.00","1,750.00","1,627.00","1,632.45","1,726.00","1,729.95","1,715.68","1,750.00","606.85","5,451,326","9,352,734,785.60","182,216"
"11-Feb-2021","EQ","1,621.20","1,676.95","1,597.05","1,621.05","1,623.00","1,632.45","1,640.00","1,676.95","606.85","2,086,716","3,422,214,447.75","77,896"
"10-Feb-2021","EQ","1,590.00","1,639.35","1,582.05","1,579.25","1,621.20","1,621.05","1,618.44","1,649.70","606.85","2,109,626","3,414,307,545.25","87,611"
"09-Feb-2021","EQ","1,590.00","1,606.95","1,555.00","1,591.25","1,577.05","1,579.25","1,588.14","1,649.70","606.85","1,059,988","1,683,412,900.65","45,687"
"08-Feb-2021","EQ","1,555.00","1,618.00","1,549.00","1,541.55","1,590.00","1,591.25","1,594.55","1,649.70","606.85","1,849,756","2,949,527,650.30","75,167"
"05-Feb-2021","EQ","1,524.95","1,579.90","1,521.95","1,522.25","1,545.00","1,541.55","1,554.69","1,649.70","606.85","2,346,846","3,648,615,559.50","84,032"
"04-Feb-2021","EQ","1,523.00","1,540.95","1,501.00","1,515.30","1,523.10","1,522.25","1,523.87","1,649.70","606.85","1,079,616","1,645,189,509.70","47,180"
"03-Feb-2021","EQ","1,490.90","1,557.00","1,490.90","1,500.90","1,523.00","1,515.30","1,533.23","1,649.70","606.85","2,059,170","3,157,179,801.80","76,621"
"02-Feb-2021","EQ","1,415.20","1,516.55","1,411.95","1,404.55","1,500.00","1,500.90","1,462.97","1,649.70","606.85","2,603,431","3,808,731,478.70","85,155"
"01-Feb-2021","EQ","1,325.00","1,409.60","1,307.70","1,311.45","1,408.00","1,404.55","1,354.22","1,649.70","606.85","1,701,154","2,303,732,095.10","70,325"
"29-Jan-2021","EQ","1,395.25","1,398.95","1,303.60","1,372.90","1,309.95","1,311.45","1,342.38","1,727.95","606.85","2,337,142","3,137,339,433.35","75,278"
"28-Jan-2021","EQ","1,410.00","1,418.00","1,364.20","1,421.15","1,380.70","1,372.90","1,386.79","1,727.95","606.85","2,039,875","2,828,873,935.95","64,414"
"27-Jan-2021","EQ","1,464.10","1,497.60","1,411.80","1,467.55","1,420.00","1,421.15","1,458.75","1,727.95","606.85","1,414,828","2,063,875,491.70","54,151"
"25-Jan-2021","EQ","1,528.00","1,533.95","1,452.20","1,487.45","1,466.00","1,467.55","1,479.55","1,727.95","606.85","2,058,412","3,045,520,315.20","64,503"
"22-Jan-2021","EQ","1,564.00","1,587.60","1,480.45","1,563.50","1,489.80","1,487.45","1,531.27","1,727.95","606.85","1,889,355","2,893,109,930.30","60,141"
"21-Jan-2021","EQ","1,616.00","1,626.35","1,547.75","1,596.25","1,571.95","1,563.50","1,593.55","1,727.95","606.85","1,607,235","2,561,211,610.75","56,037"
"20-Jan-2021","EQ","1,590.50","1,609.85","1,576.00","1,591.55","1,595.50","1,596.25","1,598.39","1,727.95","606.85","1,270,073","2,030,070,721.45","42,351"
"19-Jan-2021","EQ","1,601.00","1,624.90","1,581.05","1,584.65","1,588.00","1,591.55","1,602.79","1,727.95","606.85","1,903,605","3,051,076,046.20","61,767"
"18-Jan-2021","EQ","1,638.95","1,649.70","1,555.65","1,625.15","1,573.90","1,584.65","1,603.23","1,727.95","606.85","4,742,737","7,603,691,784.40","135,421"
"15-Jan-2021","EQ","1,589.95","1,641.10","1,564.00","1,596.95","1,628.05","1,625.15","1,613.60","1,727.95","606.85","4,100,472","6,616,522,803.60","137,577"
"14-Jan-2021","EQ","1,573.55","1,619.40","1,551.60","1,567.15","1,596.00","1,596.95","1,594.09","1,727.95","606.85","3,643,758","5,808,463,074.00","124,444"
"13-Jan-2021","EQ","1,577.10","1,601.00","1,522.35","1,564.50","1,565.10","1,567.15","1,568.00","1,727.95","606.85","3,941,557","6,180,352,852.25","131,450"
"12-Jan-2021","EQ","1,507.85","1,587.90","1,490.10","1,507.85","1,567.10","1,564.50","1,546.77","1,727.95","606.85","3,831,203","5,925,982,385.30","120,879"
"11-Jan-2021","EQ","1,534.50","1,534.50","1,465.90","1,524.55","1,502.75","1,507.85","1,500.48","1,727.95","606.85","2,013,092","3,020,609,143.05","71,507"
"08-Jan-2021","EQ","1,503.00","1,569.85","1,500.10","1,496.85","1,518.50","1,524.55","1,540.37","1,727.95","606.85","4,843,627","7,460,977,183.60","181,899"
"07-Jan-2021","EQ","1,441.00","1,515.15","1,425.35","1,415.45","1,500.80","1,496.85","1,473.31","1,727.95","606.85","3,899,946","5,745,832,085.90","119,607"
"06-Jan-2021","EQ","1,449.40","1,454.50","1,382.00","1,441.95","1,412.70","1,415.45","1,417.38","1,727.95","606.85","1,789,303","2,536,120,015.70","72,878"
"05-Jan-2021","EQ","1,466.00","1,467.00","1,430.00","1,477.40","1,442.00","1,441.95","1,442.65","1,727.95","606.85","1,612,770","2,326,665,434.75","61,479"
"04-Jan-2021","EQ","1,486.05","1,494.80","1,452.20","1,480.35","1,479.00","1,477.40","1,476.73","1,727.95","606.85","1,426,471","2,106,511,356.75","44,298"
"01-Jan-2021","EQ","1,428.85","1,489.90","1,425.05","1,428.65","1,483.00","1,480.35","1,463.84","1,727.95","606.85","1,677,445","2,455,510,324.95","48,676"
"31-Dec-2020","EQ","1,430.00","1,447.55","1,417.00","1,435.80","1,423.50","1,428.65","1,428.30","1,727.95","606.85","831,274","1,187,304,958.40","29,157"
"30-Dec-2020","EQ","1,426.20","1,440.00","1,402.90","1,426.20","1,434.00","1,435.80","1,419.28","1,727.95","606.85","848,528","1,204,298,828.55","31,695"
"29-Dec-2020","EQ","1,449.00","1,452.65","1,416.75","1,445.60","1,423.50","1,426.20","1,431.13","1,727.95","606.85","886,216","1,268,290,900.75","27,231"
"28-Dec-2020","EQ","1,415.00","1,478.75","1,410.15","1,406.60","1,439.85","1,445.60","1,456.13","1,727.95","606.85","2,254,204","3,282,412,929.05","69,672"
"24-Dec-2020","EQ","1,430.50","1,440.95","1,395.00","1,424.40","1,405.00","1,406.60","1,416.59","1,727.95","606.85","1,137,404","1,611,239,465.90","39,142"
"23-Dec-2020","EQ","1,354.00","1,432.95","1,341.40","1,335.45","1,424.00","1,424.40","1,404.56","1,727.95","606.85","3,324,559","4,669,545,020.65","127,996"
"22-Dec-2020","EQ","1,356.00","1,359.75","1,282.95","1,345.40","1,335.90","1,335.45","1,317.94","1,727.95","606.85","1,551,978","2,045,420,638.65","59,513"
"21-Dec-2020","EQ","1,440.00","1,445.90","1,302.30","1,445.15","1,330.00","1,345.40","1,386.51","1,727.95","606.85","1,270,586","1,761,678,190.50","49,709"
"18-Dec-2020","EQ","1,442.20","1,463.00","1,418.00","1,441.60","1,442.80","1,445.15","1,442.13","1,727.95","606.85","1,259,991","1,817,070,136.30","40,361"
"17-Dec-2020","EQ","1,450.00","1,483.85","1,435.65","1,457.60","1,443.00","1,441.60","1,464.40","1,727.95","606.85","1,600,483","2,343,741,792.75","49,912"
"16-Dec-2020","EQ","1,463.00","1,466.75","1,430.00","1,448.65","1,451.00","1,457.60","1,449.14","1,727.95","606.85","1,727,084","2,502,787,742.70","61,379"
"15-Dec-2020","EQ","1,421.95","1,458.90","1,388.00","1,422.55","1,458.00","1,448.65","1,419.30","1,727.95","606.85","1,625,460","2,307,021,104.20","54,702"
"14-Dec-2020","EQ","1,444.00","1,444.00","1,415.30","1,433.85","1,421.00","1,422.55","1,424.53","1,727.95","606.85","747,538","1,064,891,653.60","26,267"
"11-Dec-2020","EQ","1,474.00","1,474.00","1,426.20","1,454.00","1,430.10","1,433.85","1,444.92","1,727.95","606.85","953,425","1,377,623,490.95","37,119"
"10-Dec-2020","EQ","1,473.95","1,473.95","1,421.00","1,466.20","1,450.00","1,454.00","1,444.30","1,727.95","606.85","1,145,429","1,654,347,613.00","53,616"
"09-Dec-2020","EQ","1,492.00","1,493.75","1,461.10","1,483.45","1,467.30","1,466.20","1,473.68","1,727.95","606.85","858,675","1,265,414,084.40","36,938"
"08-Dec-2020","EQ","1,510.00","1,522.60","1,460.00","1,500.25","1,479.90","1,483.45","1,489.19","1,727.95","606.85","1,187,429","1,768,306,032.45","41,513"
"07-Dec-2020","EQ","1,474.80","1,507.00","1,461.40","1,468.35","1,498.60","1,500.25","1,485.50","1,727.95","606.85","1,228,551","1,825,015,705.55","42,127"
"04-Dec-2020","EQ","1,504.95","1,517.40","1,440.95","1,492.65","1,465.00","1,468.35","1,478.66","1,828.00","606.85","2,174,009","3,214,612,902.40","79,610"
"03-Dec-2020","EQ","1,430.00","1,500.00","1,426.00","1,422.25","1,492.00","1,492.65","1,468.65","1,828.00","606.85","3,040,688","4,465,695,670.20","100,219"
"02-Dec-2020","EQ","1,424.80","1,459.00","1,404.05","1,414.45","1,421.40","1,422.25","1,434.49","1,828.00","606.85","1,914,803","2,746,759,657.20","64,601"
"01-Dec-2020","EQ","1,405.85","1,435.00","1,390.25","1,388.10","1,414.10","1,414.45","1,420.17","1,828.00","606.85","1,029,260","1,461,725,110.15","36,094"
"27-Nov-2020","EQ","1,420.00","1,442.00","1,374.15","1,423.75","1,382.00","1,388.10","1,405.31","1,863.20","606.85","1,734,495","2,437,508,236.15","53,164"
"26-Nov-2020","EQ","1,395.00","1,428.05","1,376.05","1,388.55","1,420.65","1,423.75","1,403.60","1,863.20","606.85","928,415","1,303,125,087.65","32,102"
"25-Nov-2020","EQ","1,449.65","1,451.25","1,384.50","1,425.45","1,390.00","1,388.55","1,419.70","1,863.20","606.85","1,338,089","1,899,688,120.60","43,959"
"24-Nov-2020","EQ","1,395.50","1,443.00","1,390.05","1,392.90","1,442.00","1,425.45","1,418.87","1,863.20","606.85","1,438,521","2,041,071,067.70","48,751"
"23-Nov-2020","EQ","1,413.25","1,438.95","1,380.10","1,395.45","1,386.90","1,392.90","1,414.54","1,863.20","606.85","917,976","1,298,515,703.10","31,757"
"20-Nov-2020","EQ","1,403.80","1,417.55","1,371.25","1,393.05","1,390.50","1,395.45","1,392.33","1,863.20","606.85","956,220","1,331,375,375.55","30,197"
"19-Nov-2020","EQ","1,425.10","1,452.00","1,385.05","1,436.30","1,394.00","1,393.05","1,419.23","1,863.20","606.85","1,267,472","1,798,834,019.50","49,481"
"18-Nov-2020","EQ","1,411.00","1,443.00","1,399.90","1,411.00","1,436.00","1,436.30","1,423.70","1,863.20","606.85","1,077,949","1,534,681,208.20","38,450"
"17-Nov-2020","EQ","1,470.05","1,470.10","1,385.20","1,455.50","1,408.70","1,411.00","1,411.67","1,863.20","606.85","1,199,249","1,692,941,454.25","46,360"
"14-Nov-2020","EQ","1,470.00","1,476.60","1,441.55","1,469.70","1,454.00","1,455.50","1,459.93","1,863.20","606.85","213,718","312,013,174.85","9,520"
"13-Nov-2020","EQ","1,400.00","1,478.75","1,389.75","1,403.55","1,467.25","1,469.70","1,442.69","1,863.20","606.85","2,019,438","2,913,423,033.80","67,030"
"12-Nov-2020","EQ","1,398.00","1,421.95","1,385.05","1,395.40","1,401.00","1,403.55","1,402.57","1,863.20","606.85","913,769","1,281,629,316.75","26,415"
"11-Nov-2020","EQ","1,392.70","1,414.55","1,381.30","1,381.75","1,394.00","1,395.40","1,398.97","1,863.20","606.85","925,673","1,294,987,751.90","29,332"
"10-Nov-2020","EQ","1,383.90","1,436.75","1,370.00","1,382.45","1,379.80","1,381.75","1,402.32","1,863.20","606.85","1,767,347","2,478,392,956.80","57,158"
"09-Nov-2020","EQ","1,358.00","1,388.00","1,334.55","1,346.25","1,377.00","1,382.45","1,363.76","1,863.20","606.85","1,116,835","1,523,091,748.55","32,489"
"06-Nov-2020","EQ","1,334.10","1,373.45","1,324.00","1,335.05","1,339.05","1,346.25","1,350.98","1,874.20","606.85","1,232,119","1,664,574,055.10","37,769"
"05-Nov-2020","EQ","1,312.00","1,344.40","1,305.00","1,303.00","1,342.00","1,335.05","1,325.25","1,874.20","606.85","1,025,004","1,358,388,034.35","30,294"
"04-Nov-2020","EQ","1,299.00","1,311.50","1,285.20","1,299.55","1,302.00","1,303.00","1,298.36","1,874.20","606.85","681,446","884,761,508.45","21,037"
"03-Nov-2020","EQ","1,306.95","1,323.50","1,286.05","1,296.80","1,294.00","1,299.55","1,306.78","1,874.20","606.85","959,569","1,253,946,045.60","28,738"
"02-Nov-2020","EQ","1,263.00","1,304.00","1,252.55","1,262.25","1,293.05","1,296.80","1,281.44","1,874.20","606.85","1,170,019","1,499,309,370.65","36,627"
"30-Oct-2020","EQ","1,220.00","1,271.85","1,218.00","1,215.35","1,259.95","1,262.25","1,248.98","1,874.20","606.85","1,765,390","2,204,929,022.05","56,230"
"29-Oct-2020","EQ","1,285.00","1,285.00","1,197.90","1,283.95","1,216.00","1,215.35","1,230.25","1,874.20","606.85","2,352,541","2,894,214,379.40","79,611"
"28-Oct-2020","EQ","1,311.00","1,311.95","1,268.00","1,298.80","1,278.25","1,283.95","1,290.66","1,874.20","606.85","1,152,744","1,487,800,769.15","40,905"
"27-Oct-2020","EQ","1,299.95","1,312.80","1,279.00","1,300.75","1,296.40","1,298.80","1,297.01","1,874.20","606.85","1,036,283","1,344,068,450.55","27,483"
"26-Oct-2020","EQ","1,325.00","1,325.00","1,281.30","1,327.15","1,297.45","1,300.75","1,303.76","1,874.20","606.85","789,096","1,028,788,245.10","23,104"
"23-Oct-2020","EQ","1,327.00","1,338.00","1,315.35","1,320.70","1,322.00","1,327.15","1,326.69","1,874.20","606.85","564,758","749,260,772.20","15,430"
"22-Oct-2020","EQ","1,313.95","1,325.00","1,295.50","1,316.75","1,322.00","1,320.70","1,312.84","1,874.20","606.85","755,788","992,228,058.80","23,607"
"21-Oct-2020","EQ","1,320.00","1,344.65","1,298.30","1,318.00","1,314.25","1,316.75","1,322.85","1,874.20","606.85","1,268,464","1,677,993,289.25","34,471"
"20-Oct-2020","EQ","1,319.10","1,353.80","1,310.35","1,324.10","1,315.50","1,318.00","1,336.37","1,874.20","606.85","1,468,023","1,961,821,261.35","45,895"
"19-Oct-2020","EQ","1,302.80","1,331.00","1,300.20","1,291.35","1,323.85","1,324.10","1,319.00","1,874.20","606.85","1,315,184","1,734,728,879.15","37,115"
"16-Oct-2020","EQ","1,260.00","1,294.95","1,258.00","1,251.45","1,290.25","1,291.35","1,278.74","1,874.20","606.85","1,036,302","1,325,158,505.15","33,460"
"15-Oct-2020","EQ","1,304.95","1,313.00","1,245.00","1,299.65","1,248.70","1,251.45","1,281.76","1,874.20","606.85","1,020,424","1,307,937,662.15","34,069"
"14-Oct-2020","EQ","1,265.00","1,307.85","1,254.25","1,277.90","1,300.00","1,299.65","1,276.89","1,874.20","606.85","1,087,323","1,388,396,522.35","35,352"
"13-Oct-2020","EQ","1,314.40","1,315.00","1,268.35","1,314.40","1,278.90","1,277.90","1,290.66","1,874.20","606.85","1,305,705","1,685,224,296.60","41,910"
"12-Oct-2020","EQ","1,331.65","1,339.00","1,294.05","1,319.80","1,313.00","1,314.40","1,313.74","1,874.20","606.85","1,011,785","1,329,225,532.25","29,629"
"09-Oct-2020","EQ","1,325.95","1,336.85","1,292.40","1,317.80","1,320.10","1,319.80","1,315.71","1,874.20","606.85","1,969,367","2,591,111,440.60","59,973"
"08-Oct-2020","EQ","1,327.00","1,340.10","1,304.10","1,319.40","1,310.00","1,317.80","1,322.29","1,874.20","606.85","808,935","1,069,643,427.15","28,586"
"07-Oct-2020","EQ","1,349.55","1,360.45","1,305.55","1,349.55","1,317.00","1,319.40","1,327.16","1,874.20","606.85","1,021,214","1,355,316,430.20","33,859"
"06-Oct-2020","EQ","1,330.00","1,359.00","1,320.00","1,320.50","1,350.25","1,349.55","1,336.42","1,874.20","606.85","999,954","1,336,355,948.80","34,300"
"05-Oct-2020","EQ","1,304.75","1,333.00","1,296.05","1,297.20","1,319.20","1,320.50","1,316.45","1,874.20","606.85","1,091,880","1,437,405,639.30","35,553"
"01-Oct-2020","EQ","1,260.10","1,315.90","1,256.00","1,253.50","1,293.50","1,297.20","1,295.07","1,874.20","606.85","2,048,511","2,652,957,378.20","58,549"
"30-Sep-2020","EQ","1,265.00","1,279.50","1,245.00","1,252.50","1,248.60","1,253.50","1,265.05","1,874.20","606.85","1,284,043","1,624,373,109.70","35,803"
"29-Sep-2020","EQ","1,295.80","1,313.45","1,239.00","1,283.30","1,248.65","1,252.50","1,273.04","1,874.20","606.85","1,467,786","1,868,552,157.45","44,042"
"28-Sep-2020","EQ","1,260.00","1,296.00","1,244.35","1,246.35","1,280.00","1,283.30","1,273.02","1,874.20","606.85","1,074,244","1,367,529,828.20","32,301"
"25-Sep-2020","EQ","1,200.00","1,253.85","1,183.25","1,193.75","1,248.00","1,246.35","1,218.33","1,903.40","606.85","1,157,602","1,410,338,701.70","41,264"
"24-Sep-2020","EQ","1,220.00","1,238.60","1,178.55","1,237.50","1,191.50","1,193.75","1,219.34","1,903.40","606.85","1,272,757","1,551,928,191.35","41,453"
"23-Sep-2020","EQ","1,252.00","1,266.25","1,205.00","1,245.85","1,238.00","1,237.50","1,235.91","1,903.40","606.85","1,195,074","1,477,000,748.65","38,736"
"22-Sep-2020","EQ","1,278.95","1,283.00","1,194.00","1,274.30","1,246.30","1,245.85","1,232.82","1,903.40","606.85","1,700,180","2,096,011,821.20","62,847"
"21-Sep-2020","EQ","1,352.50","1,354.95","1,260.00","1,351.90","1,261.00","1,274.30","1,308.46","1,903.40","606.85","1,201,730","1,572,411,667.75","40,179"
"18-Sep-2020","EQ","1,380.00","1,403.00","1,338.60","1,377.20","1,342.95","1,351.90","1,377.39","1,934.80","606.85","2,374,687","3,270,867,518.80","75,273"
"17-Sep-2020","EQ","1,350.00","1,389.00","1,341.10","1,360.50","1,377.00","1,377.20","1,369.32","1,934.80","606.85","1,367,728","1,872,853,037.60","44,345"
"16-Sep-2020","EQ","1,358.00","1,384.60","1,340.25","1,347.45","1,358.00","1,360.50","1,360.66","1,934.80","606.85","1,337,053","1,819,275,882.15","41,757"
"15-Sep-2020","EQ","1,326.00","1,359.85","1,318.55","1,322.80","1,348.00","1,347.45","1,342.00","1,934.80","606.85","1,792,742","2,405,864,487.00","57,215"
"14-Sep-2020","EQ","1,348.00","1,349.00","1,314.00","1,333.40","1,317.00","1,322.80","1,330.87","1,934.80","606.85","1,280,191","1,703,761,447.90","41,761"
"11-Sep-2020","EQ","1,319.95","1,353.75","1,308.30","1,314.50","1,331.10","1,333.40","1,333.71","1,998.85","606.85","2,076,025","2,768,811,552.25","69,405"
"10-Sep-2020","EQ","1,299.00","1,340.00","1,290.10","1,295.85","1,315.00","1,314.50","1,316.77","1,998.85","606.85","2,206,651","2,905,654,824.90","71,737"
"09-Sep-2020","EQ","1,294.00","1,311.45","1,265.10","1,301.40","1,297.30","1,295.85","1,286.03","1,998.85","606.85","1,886,391","2,425,959,198.45","57,901"
"08-Sep-2020","EQ","1,268.45","1,347.00","1,261.80","1,268.45","1,301.05","1,301.40","1,315.59","1,998.85","606.85","4,613,188","6,069,041,871.00","139,718"
"07-Sep-2020","EQ","1,293.40","1,308.95","1,246.90","1,292.40","1,272.00","1,268.45","1,276.03","1,998.85","606.85","2,174,310","2,774,481,920.55","67,345"
"04-Sep-2020","EQ","1,327.30","1,333.10","1,274.05","1,349.70","1,297.00","1,292.40","1,310.74","2,015.95","606.85","2,194,308","2,876,157,853.45","73,463"
"03-Sep-2020","EQ","1,354.60","1,374.95","1,337.00","1,354.60","1,349.45","1,349.70","1,352.98","2,015.95","606.85","1,378,852","1,865,563,734.10","38,902"
"02-Sep-2020","EQ","1,365.00","1,377.40","1,321.20","1,355.90","1,358.00","1,354.60","1,344.73","2,015.95","606.85","1,429,113","1,921,774,038.05","47,358"
"01-Sep-2020","EQ","1,380.00","1,407.10","1,303.55","1,367.30","1,363.00","1,355.90","1,352.64","2,015.95","606.85","3,405,989","4,607,075,340.00","100,291"
"31-Aug-2020","EQ","1,517.10","1,530.00","1,360.10","1,511.20","1,369.50","1,367.30","1,416.84","2,015.95","606.85","3,325,626","4,711,873,578.30","101,986"
"28-Aug-2020","EQ","1,536.80","1,563.00","1,502.00","1,521.60","1,512.00","1,511.20","1,529.07","2,050.00","606.85","2,555,169","3,907,024,446.60","67,479"
"27-Aug-2020","EQ","1,464.00","1,535.45","1,440.00","1,433.00","1,527.10","1,521.60","1,492.16","2,050.00","606.85","4,805,866","7,171,132,294.85","130,220"
"26-Aug-2020","EQ","1,429.00","1,442.00","1,392.00","1,416.60","1,430.50","1,433.00","1,414.59","2,050.00","606.85","1,350,176","1,909,949,800.00","41,003"
"25-Aug-2020","EQ","1,431.85","1,440.00","1,400.00","1,416.75","1,419.65","1,416.60","1,419.20","2,050.00","606.85","1,130,164","1,603,923,714.80","26,579"
"24-Aug-2020","EQ","1,427.00","1,440.00","1,406.00","1,423.60","1,420.00","1,416.75","1,418.16","2,050.00","606.85","813,720","1,153,982,560.70","25,365"
"21-Aug-2020","EQ","1,440.40","1,452.00","1,416.90","1,425.00","1,425.00","1,423.60","1,429.22","2,050.00","606.85","895,793","1,280,282,247.10","29,881"
"20-Aug-2020","EQ","1,435.00","1,449.75","1,416.05","1,436.30","1,425.40","1,425.00","1,427.12","2,050.00","606.85","1,008,476","1,439,213,196.40","33,852"
"19-Aug-2020","EQ","1,440.00","1,513.00","1,430.00","1,434.50","1,439.80","1,436.30","1,467.00","2,050.00","606.85","2,375,763","3,485,237,524.70","82,790"
"18-Aug-2020","EQ","1,445.50","1,451.90","1,412.00","1,446.45","1,432.95","1,434.50","1,430.83","2,050.00","606.85","1,014,440","1,451,492,576.35","29,467"
"17-Aug-2020","EQ","1,445.00","1,461.45","1,421.55","1,432.10","1,446.50","1,446.45","1,444.22","2,050.00","606.85","828,635","1,196,731,163.35","24,906"
"14-Aug-2020","EQ","1,468.00","1,485.00","1,417.05","1,467.35","1,434.00","1,432.10","1,445.57","2,050.00","606.85","1,033,306","1,493,715,766.10","35,451"
"13-Aug-2020","EQ","1,462.00","1,483.30","1,455.65","1,462.35","1,464.00","1,467.35","1,469.61","2,050.00","606.85","677,287","995,347,401.65","21,203"
"12-Aug-2020","EQ","1,479.30","1,479.30","1,444.00","1,473.75","1,462.00","1,462.35","1,459.95","2,050.00","606.85","822,716","1,201,126,405.90","24,904"
"11-Aug-2020","EQ","1,488.20","1,505.00","1,460.40","1,473.95","1,470.00","1,473.75","1,481.39","2,050.00","606.85","1,096,522","1,624,381,104.20","33,454"
"10-Aug-2020","EQ","1,483.00","1,512.35","1,467.60","1,464.20","1,476.15","1,473.95","1,487.28","2,050.00","606.85","1,497,209","2,226,774,204.50","54,200"
"07-Aug-2020","EQ","1,464.00","1,519.95","1,454.95","1,463.95","1,467.20","1,464.20","1,483.62","2,050.00","606.85","1,764,897","2,618,442,443.45","62,806"
"06-Aug-2020","EQ","1,450.00","1,484.00","1,440.15","1,432.85","1,465.00","1,463.95","1,464.75","2,050.00","606.85","1,339,910","1,962,631,399.70","43,779"
"05-Aug-2020","EQ","1,471.00","1,517.60","1,420.10","1,466.10","1,443.65","1,432.85","1,460.52","2,050.00","606.85","2,201,051","3,214,679,262.05","68,404"
"04-Aug-2020","EQ","1,475.00","1,481.30","1,433.50","1,460.75","1,463.50","1,466.10","1,453.64","2,050.00","606.85","1,398,320","2,032,652,203.05","42,730"
"03-Aug-2020","EQ","1,475.00","1,517.35","1,448.45","1,473.40","1,461.00","1,460.75","1,482.31","2,050.00","606.85","2,054,881","3,045,967,055.50","62,848"
"31-Jul-2020","EQ","1,384.30","1,556.75","1,364.80","1,370.15","1,478.00","1,473.40","1,472.15","2,050.00","606.85","5,275,640","7,766,553,344.75","167,294"
"30-Jul-2020","EQ","1,423.00","1,442.00","1,355.00","1,423.55","1,364.25","1,370.15","1,405.15","2,050.00","606.85","2,048,200","2,878,021,232.85","81,002"
"29-Jul-2020","EQ","1,476.95","1,476.95","1,411.10","1,469.15","1,418.00","1,423.55","1,436.42","2,050.00","606.85","1,496,386","2,149,439,308.15","47,498"
"28-Jul-2020","EQ","1,464.95","1,502.90","1,458.00","1,454.40","1,468.05","1,469.15","1,477.27","2,050.00","606.85","1,449,665","2,141,539,647.75","42,329"
"27-Jul-2020","EQ","1,480.00","1,492.60","1,446.00","1,492.00","1,453.00","1,454.40","1,463.86","2,050.00","606.85","827,582","1,211,461,452.50","27,077"
"24-Jul-2020","EQ","1,481.00","1,523.55","1,468.40","1,498.70","1,484.55","1,492.00","1,492.83","2,050.00","606.85","1,376,739","2,055,233,210.30","38,964"
"23-Jul-2020","EQ","1,491.20","1,514.85","1,475.00","1,490.25","1,494.10","1,498.70","1,496.89","2,050.00","606.85","1,292,593","1,934,875,118.60","37,162"
"22-Jul-2020","EQ","1,545.00","1,553.45","1,477.00","1,558.40","1,489.70","1,490.25","1,515.66","2,050.00","606.85","1,872,853","2,838,615,693.75","61,786"
"21-Jul-2020","EQ","1,425.50","1,594.00","1,416.00","1,406.35","1,550.55","1,558.40","1,511.22","2,050.00","606.85","4,936,880","7,460,732,271.00","131,378"
"20-Jul-2020","EQ","1,385.00","1,428.75","1,384.10","1,377.95","1,408.10","1,406.35","1,413.07","2,050.00","606.85","1,205,258","1,703,109,732.85","33,218"
"17-Jul-2020","EQ","1,365.00","1,401.50","1,360.50","1,372.95","1,381.10","1,377.95","1,379.76","2,089.95","606.85","901,749","1,244,193,114.15","25,270"
"16-Jul-2020","EQ","1,399.80","1,399.80","1,354.20","1,390.20","1,372.00","1,372.95","1,374.28","2,089.95","606.85","800,227","1,099,732,621.35","22,138"
"15-Jul-2020","EQ","1,405.00","1,443.00","1,380.25","1,390.20","1,390.00","1,390.20","1,419.07","2,089.95","606.85","1,236,341","1,754,449,582.80","32,413"
"14-Jul-2020","EQ","1,436.00","1,436.70","1,366.65","1,431.35","1,387.10","1,390.20","1,391.44","2,089.95","606.85","1,508,050","2,098,363,967.25","47,531"
"13-Jul-2020","EQ","1,464.00","1,481.90","1,420.00","1,448.85","1,434.95","1,431.35","1,449.23","2,089.95","606.85","1,420,063","2,057,995,746.40","40,224"
"10-Jul-2020","EQ","1,450.00","1,470.00","1,435.15","1,446.40","1,445.50","1,448.85","1,452.34","2,089.95","606.85","869,140","1,262,282,792.10","25,243"
"09-Jul-2020","EQ","1,440.70","1,467.80","1,440.25","1,433.65","1,449.70","1,446.40","1,452.51","2,089.95","606.85","868,728","1,261,834,588.25","25,124"
"08-Jul-2020","EQ","1,419.00","1,472.95","1,418.05","1,417.75","1,431.00","1,433.65","1,443.43","2,089.95","606.85","1,675,620","2,418,634,922.45","51,822"
"07-Jul-2020","EQ","1,416.00","1,438.50","1,398.00","1,413.25","1,414.35","1,417.75","1,417.58","2,089.95","606.85","1,289,149","1,827,471,180.65","35,666"
"06-Jul-2020","EQ","1,420.00","1,429.35","1,402.45","1,411.05","1,413.70","1,413.25","1,413.93","2,089.95","606.85","1,014,734","1,434,765,210.10","29,803"
"03-Jul-2020","EQ","1,403.00","1,431.30","1,388.10","1,390.05","1,405.65","1,411.05","1,407.94","2,101.00","606.85","1,660,477","2,337,845,315.75","47,278"
"02-Jul-2020","EQ","1,376.80","1,420.95","1,371.05","1,377.95","1,387.00","1,390.05","1,395.06","2,101.00","606.85","1,798,881","2,509,549,043.80","59,473"
"01-Jul-2020","EQ","1,362.00","1,387.85","1,352.00","1,363.80","1,376.35","1,377.95","1,375.38","2,101.00","606.85","1,367,878","1,881,354,450.70","46,640"
"30-Jun-2020","EQ","1,388.70","1,403.90","1,358.00","1,387.00","1,362.00","1,363.80","1,378.72","2,101.00","606.85","2,714,401","3,742,403,406.60","87,418"
"29-Jun-2020","EQ","1,345.90","1,399.60","1,302.90","1,343.10","1,376.00","1,387.00","1,354.22","2,101.00","606.85","5,524,770","7,481,754,849.50","171,453"
"26-Jun-2020","EQ","1,350.00","1,370.00","1,316.85","1,342.45","1,344.05","1,343.10","1,341.61","2,101.00","606.85","3,101,553","4,161,059,422.60","93,912"