Date ,series ,OPEN ,HIGH ,LOW ,PREV. CLOSE ,ltp ,close ,vwap ,52W H ,52W L ,VOLUME ,VALUE ,No of trades 
26-Jun-2023,EQ,595.0,612.8,594.1,596.45,612.0,609.7,607.82,714.65,388.65,"538,020","327,020,631.20","15,808"
23-Jun-2023,EQ,597.0,602.25,591.3,599.1,593.0,596.45,596.74,714.65,388.65,"338,024","201,711,250.55","11,633"
22-Jun-2023,EQ,620.0,620.0,598.0,618.55,599.4,599.1,605.18,714.65,388.65,"477,746","289,122,505.35","14,842"
21-Jun-2023,EQ,614.05,626.45,613.75,614.1,618.0,618.55,621.2,714.65,388.65,"681,886","423,587,090.40","22,458"
20-Jun-2023,EQ,615.0,624.5,612.3,615.95,614.05,614.1,618.06,714.65,388.65,"524,866","324,401,083.90","15,762"
19-Jun-2023,EQ,607.05,619.95,607.0,608.45,615.0,615.95,615.63,714.65,388.65,"608,662","374,712,704.30","16,928"
16-Jun-2023,EQ,605.0,613.25,601.3,604.75,610.0,608.45,608.16,714.65,388.65,"307,799","187,191,369.80","10,700"
15-Jun-2023,EQ,613.8,614.6,600.15,613.8,604.6,604.75,606.38,714.65,388.65,"348,202","211,144,173.35","9,277"
14-Jun-2023,EQ,610.0,616.6,601.5,605.25,613.0,613.8,610.49,714.65,388.65,"863,190","526,966,828.20","21,832"
13-Jun-2023,EQ,602.8,607.95,593.35,597.7,606.0,605.25,602.3,714.65,388.65,"732,052","440,915,270.00","20,131"
12-Jun-2023,EQ,580.4,604.9,579.0,577.4,597.1,597.7,596.6,714.65,388.65,"1,319,484","787,203,635.20","35,424"
09-Jun-2023,EQ,574.3,583.85,572.0,574.3,575.25,577.4,577.22,714.65,388.65,"300,911","173,692,935.40","13,814"
08-Jun-2023,EQ,589.9,590.0,572.5,587.3,574.8,574.3,579.26,714.65,388.65,"471,727","273,251,415.25","19,062"
07-Jun-2023,EQ,594.0,596.05,578.7,590.55,588.0,587.3,585.75,714.65,388.65,"409,555","239,896,339.20","16,971"
06-Jun-2023,EQ,597.0,597.0,584.05,597.35,589.75,590.55,589.23,714.65,388.65,"601,096","354,184,314.20","15,965"
05-Jun-2023,EQ,597.95,602.95,592.6,595.7,595.0,597.35,598.27,714.65,388.65,"403,636","241,485,124.70","13,895"
02-Jun-2023,EQ,606.0,607.95,592.0,602.5,595.5,595.7,598.8,719.0,388.65,"479,303","287,006,333.65","15,007"
01-Jun-2023,EQ,587.05,605.0,586.75,586.0,599.05,602.5,597.05,719.0,388.65,"1,025,639","612,357,877.50","27,864"
31-May-2023,EQ,567.5,589.05,565.25,569.4,585.05,586.0,581.64,719.0,388.65,"872,996","507,771,364.40","26,162"
30-May-2023,EQ,566.5,573.95,563.55,566.5,568.6,569.4,569.13,719.0,388.65,"320,856","182,607,378.00","10,159"
29-May-2023,EQ,569.2,575.45,563.1,567.0,569.95,566.5,569.26,719.0,388.65,"560,074","318,828,821.80","19,155"
26-May-2023,EQ,566.0,577.95,565.0,564.95,567.9,567.0,571.8,719.0,388.65,"806,979","461,430,574.30","22,696"
25-May-2023,EQ,564.65,568.0,558.05,564.65,565.0,564.95,563.34,719.0,388.65,"513,683","289,379,567.90","13,090"
24-May-2023,EQ,552.5,568.8,551.4,557.7,564.0,564.65,563.38,719.0,388.65,"780,794","439,885,948.65","18,895"
23-May-2023,EQ,563.05,565.8,553.05,560.6,555.55,557.7,557.98,719.0,388.65,"741,395","413,684,661.10","20,337"
22-May-2023,EQ,540.0,568.0,540.0,546.7,559.1,560.6,556.6,719.0,388.65,"1,218,909","678,441,378.55","29,061"
19-May-2023,EQ,552.9,554.4,539.95,551.2,545.0,546.7,546.96,719.0,388.65,"859,528","470,124,379.85","21,053"
18-May-2023,EQ,546.95,558.0,543.75,546.3,552.15,551.2,552.94,719.0,388.65,"1,071,961","592,733,091.25","29,059"
17-May-2023,EQ,543.0,550.0,534.95,540.15,544.5,546.3,542.85,719.0,388.65,"1,146,240","622,238,412.90","29,019"
16-May-2023,EQ,546.95,548.0,534.0,542.55,541.5,540.15,542.01,719.0,388.65,"1,524,492","826,293,211.75","37,731"
15-May-2023,EQ,535.0,555.0,530.0,531.35,542.4,542.55,545.43,719.0,388.65,"5,305,737","2,893,889,300.65","90,681"
12-May-2023,EQ,484.0,534.2,478.05,466.4,532.0,531.35,516.94,719.0,388.65,"13,952,767","7,212,704,068.15","175,167"
11-May-2023,EQ,460.0,470.95,460.0,458.65,465.5,466.4,466.22,719.0,388.65,"489,038","227,996,953.65","13,717"
10-May-2023,EQ,468.0,469.7,456.5,464.35,459.0,458.65,463.1,719.0,388.65,"402,540","186,414,514.00","10,706"
09-May-2023,EQ,459.6,475.0,457.75,457.2,465.95,464.35,468.16,719.0,388.65,"824,716","386,100,378.95","20,664"
08-May-2023,EQ,451.75,460.85,451.75,450.6,457.15,457.2,457.28,719.0,388.65,"253,681","116,004,387.95","8,527"
05-May-2023,EQ,453.0,455.0,446.3,452.65,449.75,450.6,450.77,807.0,388.65,"227,443","102,525,109.30","6,510"
04-May-2023,EQ,447.6,457.4,446.4,448.45,453.0,452.65,452.73,807.0,388.65,"372,235","168,522,995.90","11,167"
03-May-2023,EQ,446.0,451.15,443.7,448.7,448.3,448.45,447.76,807.0,388.65,"244,303","109,389,523.95","9,186"
02-May-2023,EQ,450.7,457.1,444.0,445.9,448.8,448.7,451.87,807.0,388.65,"484,811","219,072,420.20","11,903"
28-Apr-2023,EQ,443.0,450.5,440.05,439.25,445.0,445.9,445.26,852.0,388.65,"433,496","193,016,657.80","12,422"
27-Apr-2023,EQ,430.7,446.75,429.05,430.7,440.15,439.25,440.09,852.0,388.65,"479,881","211,192,578.50","14,026"
26-Apr-2023,EQ,430.3,438.25,428.5,433.25,428.5,430.7,433.02,852.0,388.65,"144,252","62,464,049.70","4,333"
25-Apr-2023,EQ,437.0,446.9,428.3,436.3,433.7,433.25,438.3,852.0,388.65,"423,358","185,557,519.45","12,600"
24-Apr-2023,EQ,432.0,440.4,424.2,428.3,436.0,436.3,435.52,852.0,388.65,"307,413","133,885,243.45","9,333"
21-Apr-2023,EQ,432.45,432.45,423.05,426.8,429.25,428.3,427.05,895.7,388.65,"204,590","87,370,600.70","5,858"
20-Apr-2023,EQ,430.0,435.0,425.6,430.0,426.55,426.8,429.36,895.7,388.65,"157,878","67,786,443.60","6,634"
19-Apr-2023,EQ,439.7,440.5,427.75,437.55,428.2,430.0,433.54,895.7,388.65,"238,870","103,558,702.80","8,938"
18-Apr-2023,EQ,433.95,439.25,427.4,432.8,438.7,437.55,433.67,895.7,388.65,"241,886","104,899,654.25","11,175"
17-Apr-2023,EQ,425.0,436.5,412.95,431.7,433.4,432.8,426.32,895.7,388.65,"461,311","196,665,851.70","13,383"
13-Apr-2023,EQ,432.0,434.9,426.1,434.6,432.9,431.7,430.3,964.0,388.65,"227,743","97,996,776.20","8,098"
12-Apr-2023,EQ,426.6,438.2,426.25,426.6,436.0,434.6,434.77,964.0,388.65,"390,789","169,902,204.05","13,723"
11-Apr-2023,EQ,435.0,440.25,424.5,433.45,425.5,426.6,433.2,964.0,388.65,"920,801","398,894,045.55","24,483"
10-Apr-2023,EQ,420.05,435.7,420.05,430.3,433.05,433.45,432.03,964.0,388.65,"267,822","115,706,803.95","10,169"
06-Apr-2023,EQ,428.0,432.55,423.35,428.65,430.0,430.3,428.79,986.65,388.65,"204,179","87,550,005.00","7,954"
05-Apr-2023,EQ,427.45,431.7,421.1,424.75,431.4,428.65,425.56,986.65,388.65,"210,622","89,632,589.25","6,879"
03-Apr-2023,EQ,415.0,427.4,412.4,410.6,424.55,424.75,419.3,986.65,388.65,"336,490","141,090,667.95","11,081"
31-Mar-2023,EQ,400.0,412.9,400.0,397.75,410.5,410.6,408.01,986.65,388.65,"545,795","222,691,697.50","18,135"
29-Mar-2023,EQ,396.75,401.7,393.25,397.0,398.9,397.75,397.95,986.65,388.65,"412,029","163,966,018.95","11,208"
28-Mar-2023,EQ,398.95,401.95,392.95,398.55,395.0,397.0,397.62,986.65,388.65,"433,176","172,240,319.50","13,614"
27-Mar-2023,EQ,403.0,411.7,397.35,402.75,397.35,398.55,402.12,986.65,388.65,"492,341","197,980,075.85","12,290"
24-Mar-2023,EQ,407.85,414.0,400.5,406.95,404.0,402.75,404.87,986.65,388.65,"394,878","159,874,220.20","11,682"
23-Mar-2023,EQ,410.0,412.8,404.65,409.3,406.45,406.95,408.56,986.65,388.65,"331,263","135,339,626.20","10,260"
22-Mar-2023,EQ,412.0,417.8,407.7,409.8,408.45,409.3,411.88,986.65,388.65,"164,630","67,807,199.60","6,959"
21-Mar-2023,EQ,412.3,415.0,405.25,407.65,409.3,409.8,410.67,986.65,388.65,"282,645","116,075,076.25","10,510"
20-Mar-2023,EQ,405.0,415.0,403.0,415.85,407.0,407.65,406.64,986.65,388.65,"378,207","153,794,984.95","15,452"
17-Mar-2023,EQ,405.25,423.0,404.7,401.65,417.0,415.85,417.31,986.65,388.65,"1,304,999","544,594,294.10","30,176"
16-Mar-2023,EQ,400.0,403.9,388.65,399.55,403.9,401.65,398.61,986.65,388.65,"484,857","193,268,429.10","16,770"
15-Mar-2023,EQ,409.9,414.9,398.05,403.45,400.0,399.55,405.26,986.65,392.65,"470,926","190,849,233.30","14,703"
14-Mar-2023,EQ,425.0,426.0,392.65,423.1,402.0,403.45,404.48,986.65,392.65,"1,313,238","531,175,164.75","32,007"
13-Mar-2023,EQ,431.35,438.0,421.0,429.4,423.0,423.1,429.57,986.65,393.45,"398,678","171,261,383.30","14,472"
10-Mar-2023,EQ,443.95,443.95,425.1,445.75,431.0,429.4,430.81,986.65,393.45,"517,095","222,767,717.65","14,379"
09-Mar-2023,EQ,454.3,455.9,444.55,453.7,445.05,445.75,448.65,986.65,393.45,"189,974","85,232,357.85","6,773"
08-Mar-2023,EQ,453.1,456.3,444.8,454.1,454.95,453.7,450.49,986.65,393.45,"262,056","118,052,566.00","6,923"
06-Mar-2023,EQ,459.0,465.25,453.2,457.5,455.25,454.1,459.73,986.65,393.45,"263,167","120,986,787.65","8,495"
03-Mar-2023,EQ,448.0,459.7,444.45,444.85,456.2,457.5,453.69,986.65,393.45,"305,696","138,692,249.70","9,890"
02-Mar-2023,EQ,456.9,458.0,442.1,456.95,446.0,444.85,446.32,986.65,393.45,"386,587","172,542,074.40","11,360"
01-Mar-2023,EQ,453.15,458.15,451.05,449.9,457.9,456.95,454.52,986.65,393.45,"141,421","64,278,922.95","4,901"
28-Feb-2023,EQ,453.7,456.5,447.4,450.35,450.1,449.9,451.66,986.65,393.45,"239,547","108,193,406.85","7,522"
27-Feb-2023,EQ,463.4,463.4,445.85,461.6,452.0,450.35,451.62,986.65,393.45,"258,931","116,938,750.00","10,285"
24-Feb-2023,EQ,460.9,468.0,454.4,458.6,461.5,461.6,459.6,986.65,393.45,"282,311","129,750,760.40","8,659"
23-Feb-2023,EQ,461.3,464.65,453.0,459.65,459.9,458.6,460.19,986.65,393.45,"266,641","122,704,596.05","8,399"
22-Feb-2023,EQ,462.0,464.7,456.35,464.85,460.5,459.65,459.82,986.65,393.45,"228,238","104,948,916.65","6,586"
21-Feb-2023,EQ,466.5,473.1,462.2,465.4,464.0,464.85,466.95,986.65,393.45,"346,885","161,978,154.00","12,205"
20-Feb-2023,EQ,460.9,474.0,456.0,461.4,464.55,465.4,467.29,986.65,393.45,"472,034","220,576,590.50","15,448"
17-Feb-2023,EQ,468.0,471.75,456.8,470.8,460.9,461.4,462.79,986.65,393.45,"617,427","285,736,125.70","19,544"
16-Feb-2023,EQ,464.0,473.0,463.35,463.65,470.5,470.8,469.97,986.65,393.45,"567,648","266,778,336.50","19,646"
15-Feb-2023,EQ,456.5,465.55,453.75,457.65,463.25,463.65,460.46,986.65,393.45,"232,841","107,213,871.60","9,401"
14-Feb-2023,EQ,457.0,474.0,456.05,457.25,456.5,457.65,464.64,986.65,393.45,"534,003","248,120,452.40","16,564"
13-Feb-2023,EQ,464.35,464.5,452.35,464.3,458.5,457.25,457.36,986.65,393.45,"334,822","153,134,488.75","11,377"
10-Feb-2023,EQ,467.0,467.0,451.35,465.6,464.0,464.3,459.18,986.65,393.45,"610,872","280,500,550.75","15,977"
09-Feb-2023,EQ,465.7,469.45,459.05,461.85,466.9,465.6,464.57,986.65,393.45,"813,699","378,018,858.60","19,524"
08-Feb-2023,EQ,441.25,464.35,434.9,441.2,464.3,461.85,454.73,986.65,393.45,"1,443,441","656,373,797.95","33,088"
07-Feb-2023,EQ,422.6,445.65,420.55,421.45,439.9,441.2,438.19,986.65,393.45,"1,191,125","521,937,235.80","32,469"
06-Feb-2023,EQ,430.0,438.75,415.05,437.1,421.3,421.45,425.02,986.65,393.45,"744,965","316,627,693.30","21,291"
03-Feb-2023,EQ,443.1,444.45,432.1,439.8,436.0,437.1,437.11,986.65,393.45,"380,067","166,132,689.95","9,622"
02-Feb-2023,EQ,430.4,447.0,427.0,428.9,443.1,439.8,440.57,986.65,393.45,"399,151","175,854,486.15","20,306"
01-Feb-2023,EQ,440.8,446.9,423.3,439.8,428.1,428.9,435.93,986.65,393.45,"342,400","149,260,958.25","15,901"
31-Jan-2023,EQ,427.1,442.75,420.3,431.5,441.45,439.8,434.11,986.65,393.45,"777,253","337,410,006.00","28,070"
30-Jan-2023,EQ,403.4,433.05,393.9,401.3,430.55,431.5,424.48,986.65,393.45,"1,328,324","563,840,612.30","37,560"
27-Jan-2023,EQ,412.25,419.7,393.45,410.25,404.5,401.3,402.41,986.65,393.45,"614,581","247,315,017.40","27,329"
25-Jan-2023,EQ,422.8,429.0,405.6,426.7,411.0,410.25,413.66,986.65,405.6,"519,381","214,846,251.45","13,620"
24-Jan-2023,EQ,430.4,436.85,424.2,428.75,426.7,426.7,430.19,986.65,407.45,"604,181","259,912,596.85","13,543"
23-Jan-2023,EQ,412.25,430.85,410.25,411.45,428.9,428.75,423.66,986.65,407.45,"699,868","296,504,484.10","16,670"
20-Jan-2023,EQ,419.7,424.8,408.6,419.7,409.45,411.45,416.01,986.65,407.45,"355,440","147,866,008.90","9,406"
19-Jan-2023,EQ,424.8,425.0,417.5,426.55,419.45,419.7,421.04,986.65,407.45,"260,771","109,796,005.00","8,028"
18-Jan-2023,EQ,419.0,429.8,419.0,419.35,426.0,426.55,426.7,986.65,407.45,"337,594","144,052,785.90","12,743"
17-Jan-2023,EQ,420.0,422.5,415.0,420.4,419.5,419.35,418.38,986.65,407.45,"256,017","107,111,522.15","8,084"
16-Jan-2023,EQ,423.5,431.5,419.0,423.35,419.5,420.4,424.65,986.65,407.45,"313,530","133,141,733.15","11,643"
13-Jan-2023,EQ,424.35,426.75,415.0,422.2,422.4,423.35,420.51,986.65,407.45,"666,228","280,157,059.20","15,517"
12-Jan-2023,EQ,428.95,433.4,415.65,427.05,422.8,422.2,423.09,986.65,407.45,"329,139","139,257,025.30","12,808"
11-Jan-2023,EQ,427.65,435.0,424.25,425.85,425.85,427.05,429.55,986.65,407.45,"335,688","144,195,136.20","9,735"
10-Jan-2023,EQ,440.5,440.5,422.0,440.05,426.25,425.85,427.6,986.65,407.45,"540,870","231,276,876.80","13,828"
09-Jan-2023,EQ,423.95,445.0,422.15,421.85,439.55,440.05,436.34,986.65,407.45,"882,451","385,051,211.30","20,997"
06-Jan-2023,EQ,428.4,431.95,419.95,428.85,420.0,421.85,425.19,986.65,407.45,"226,919","96,482,756.90","6,954"
05-Jan-2023,EQ,440.0,440.45,426.3,438.8,429.95,428.85,430.67,986.65,407.45,"251,346","108,248,129.05","8,484"
04-Jan-2023,EQ,447.6,449.2,436.55,447.6,437.8,438.8,442.05,986.65,407.45,"240,806","106,447,994.70","8,958"
03-Jan-2023,EQ,447.0,452.25,445.2,447.7,447.0,447.6,448.03,986.65,407.45,"292,101","130,869,537.40","6,611"
02-Jan-2023,EQ,448.45,450.85,441.3,446.2,448.75,447.7,446.23,986.65,407.45,"190,812","85,146,712.00","6,133"
30-Dec-2022,EQ,441.0,455.9,441.0,440.9,447.95,446.2,449.44,986.65,407.45,"536,915","241,311,085.60","15,108"
29-Dec-2022,EQ,442.5,442.8,434.0,442.0,440.0,440.9,439.03,986.65,407.45,"382,036","167,725,527.85","13,299"
28-Dec-2022,EQ,440.0,447.75,437.45,443.0,441.0,442.0,443.18,986.65,407.45,"300,872","133,340,837.25","9,560"
27-Dec-2022,EQ,440.05,446.4,436.05,437.85,442.1,443.0,441.24,986.65,407.45,"785,800","346,726,334.85","17,139"
26-Dec-2022,EQ,423.1,442.8,423.1,424.9,440.0,437.85,436.24,986.65,407.45,"805,727","351,490,695.30","20,951"
23-Dec-2022,EQ,427.05,431.2,416.2,431.95,425.05,424.9,426.0,986.65,407.45,"643,579","274,165,572.10","16,022"
22-Dec-2022,EQ,429.15,435.65,424.0,427.75,431.2,431.95,429.05,986.65,407.45,"454,913","195,180,838.55","13,573"
21-Dec-2022,EQ,436.35,439.25,424.85,433.2,427.15,427.75,431.66,986.65,407.45,"504,417","217,736,771.10","15,256"
20-Dec-2022,EQ,425.55,435.6,419.0,425.5,433.6,433.2,429.03,986.65,407.45,"510,512","219,022,502.10","13,005"
19-Dec-2022,EQ,420.0,429.2,416.0,420.75,426.0,425.5,421.57,986.65,407.45,"299,798","126,384,988.20","9,885"
16-Dec-2022,EQ,427.0,430.0,413.4,430.05,420.75,420.75,421.67,986.65,407.45,"536,423","226,193,540.05","14,771"
15-Dec-2022,EQ,441.15,441.15,428.75,438.95,429.0,430.05,432.74,986.65,407.45,"409,349","177,143,032.60","9,016"
14-Dec-2022,EQ,431.0,443.15,429.2,428.85,439.0,438.95,435.51,986.65,407.45,"1,302,030","567,050,764.05","17,231"
13-Dec-2022,EQ,432.15,434.0,427.0,430.0,429.55,428.85,429.74,986.65,407.45,"385,799","165,793,129.25","6,316"
12-Dec-2022,EQ,428.0,431.4,423.0,427.55,429.75,430.0,429.55,986.65,407.45,"453,881","194,963,582.95","9,974"
09-Dec-2022,EQ,454.0,454.15,424.0,452.15,428.0,427.55,433.05,986.65,407.45,"952,584","412,513,369.95","20,319"
08-Dec-2022,EQ,448.45,454.55,444.65,446.65,452.0,452.15,449.8,986.65,407.45,"250,141","112,513,228.25","7,929"
07-Dec-2022,EQ,455.0,457.8,444.4,456.4,446.5,446.65,448.51,986.65,407.45,"362,743","162,693,112.45","11,407"
06-Dec-2022,EQ,462.0,465.55,453.75,464.6,456.0,456.4,459.13,986.65,407.45,"313,951","144,145,886.35","9,404"
05-Dec-2022,EQ,472.0,476.0,460.0,470.3,463.6,464.6,465.62,986.65,407.45,"692,294","322,345,994.20","18,618"
02-Dec-2022,EQ,466.5,472.4,461.3,468.0,471.85,470.3,467.42,986.65,407.45,"358,226","167,442,821.05","9,961"
01-Dec-2022,EQ,462.45,476.8,462.45,459.45,465.85,468.0,470.02,986.65,407.45,"1,049,706","493,378,015.90","24,849"
30-Nov-2022,EQ,451.95,462.25,449.0,450.85,459.0,459.45,457.22,986.65,407.45,"533,485","243,921,042.80","10,419"
29-Nov-2022,EQ,458.0,459.85,449.0,457.0,450.0,450.85,454.95,986.65,407.45,"300,847","136,871,345.80","9,961"
28-Nov-2022,EQ,447.0,458.8,442.25,443.8,457.4,457.0,453.78,986.65,407.45,"523,569","237,582,723.90","11,155"
25-Nov-2022,EQ,447.15,453.7,438.5,445.7,442.2,443.8,443.77,986.65,407.45,"345,020","153,110,925.65","9,319"
24-Nov-2022,EQ,440.25,448.0,437.75,438.05,444.2,445.7,442.88,986.65,407.45,"322,205","142,698,005.85","7,937"
23-Nov-2022,EQ,434.95,440.05,432.35,434.45,436.6,438.05,436.82,986.65,407.45,"438,066","191,354,555.05","20,805"
22-Nov-2022,EQ,442.4,445.9,430.75,442.35,434.05,434.45,435.86,986.65,407.45,"354,565","154,542,310.20","10,567"
21-Nov-2022,EQ,441.2,445.9,434.1,439.0,443.0,442.35,440.49,986.65,407.45,"293,127","129,119,382.40","8,893"
18-Nov-2022,EQ,450.65,450.7,435.5,448.55,438.0,439.0,441.18,986.65,407.45,"489,385","215,908,424.60","19,907"
17-Nov-2022,EQ,438.1,451.4,438.1,443.55,447.0,448.55,446.45,986.65,407.45,"529,179","236,253,828.95","16,097"
16-Nov-2022,EQ,459.5,463.9,440.5,458.05,442.8,443.55,450.7,986.65,407.45,"566,127","255,151,542.40","14,263"
15-Nov-2022,EQ,453.65,460.3,449.5,453.0,458.0,458.05,456.06,986.65,407.45,"420,296","191,679,819.55","12,941"
14-Nov-2022,EQ,444.95,457.1,443.0,445.25,451.05,453.0,451.2,986.65,407.45,"901,052","406,555,953.90","23,902"
11-Nov-2022,EQ,434.45,457.5,429.0,424.0,442.0,445.25,440.82,986.65,407.45,"1,364,971","601,700,171.65","31,075"
10-Nov-2022,EQ,428.4,431.5,418.5,427.0,424.95,424.0,424.94,986.65,407.45,"490,698","208,514,904.45","12,809"
09-Nov-2022,EQ,440.7,442.0,425.0,436.1,426.45,427.0,431.25,986.65,407.45,"570,871","246,189,411.05","17,529"
07-Nov-2022,EQ,431.95,446.0,430.0,431.95,437.3,436.1,437.57,986.65,407.45,"2,627,357","1,149,650,944.40","31,721"
04-Nov-2022,EQ,412.0,435.95,407.45,416.3,431.9,431.95,427.57,986.65,407.45,"2,500,183","1,068,996,612.15","99,065"
03-Nov-2022,EQ,421.0,425.75,411.5,423.8,411.85,416.3,417.42,986.65,411.5,"1,142,584","476,940,518.85","54,490"
02-Nov-2022,EQ,427.0,428.9,421.05,425.1,424.1,423.8,424.31,986.65,421.0,"938,581","398,248,401.30","41,224"
01-Nov-2022,EQ,437.0,438.0,421.0,431.6,424.9,425.1,426.0,986.65,421.0,"3,049,513","1,299,097,959.75","107,664"
31-Oct-2022,EQ,477.5,477.5,427.35,500.6,432.5,431.6,443.05,986.65,427.35,"6,384,567","2,828,700,880.30","184,176"
28-Oct-2022,EQ,507.0,511.8,498.05,507.1,501.95,500.6,504.39,986.65,498.05,"265,126","133,726,346.65","12,688"
27-Oct-2022,EQ,504.0,512.4,499.45,500.65,507.0,507.1,504.88,986.65,499.45,"317,557","160,327,094.00","10,659"
25-Oct-2022,EQ,510.0,512.55,499.7,511.7,500.6,500.65,503.79,986.65,499.7,"255,742","128,839,487.10","9,993"
24-Oct-2022,EQ,516.5,516.5,505.05,511.5,513.0,511.7,512.76,986.65,500.0,"51,551","26,433,118.20","2,212"
21-Oct-2022,EQ,515.55,517.1,504.85,512.95,511.3,511.5,510.74,986.65,500.0,"275,863","140,895,235.10","8,641"
20-Oct-2022,EQ,511.0,519.1,508.05,512.05,513.05,512.95,512.74,986.65,500.0,"230,320","118,094,131.65","8,401"
19-Oct-2022,EQ,524.0,524.95,510.2,523.4,512.9,512.05,516.9,986.65,500.0,"175,519","90,725,726.45","6,236"
18-Oct-2022,EQ,531.0,533.5,521.2,523.8,523.5,523.4,526.64,986.65,500.0,"210,271","110,737,136.35","8,882"
17-Oct-2022,EQ,521.05,529.7,517.95,528.3,523.9,523.8,524.31,986.65,500.0,"184,937","96,965,142.55","7,707"
14-Oct-2022,EQ,532.9,544.9,525.0,524.9,528.05,528.3,537.16,986.65,500.0,"932,391","500,842,653.95","22,667"
13-Oct-2022,EQ,521.0,529.0,516.9,521.05,525.0,524.9,522.36,986.65,500.0,"297,901","155,612,482.85","9,865"
12-Oct-2022,EQ,505.1,523.9,503.0,502.65,521.95,521.05,515.85,986.65,500.0,"565,300","291,611,179.40","14,004"
11-Oct-2022,EQ,522.6,540.0,500.0,519.9,501.95,502.65,524.83,986.65,500.0,"1,504,174","789,442,203.60","39,020"
10-Oct-2022,EQ,513.0,525.0,508.0,519.55,524.75,519.9,515.8,986.65,505.5,"234,350","120,877,449.05","11,354"
07-Oct-2022,EQ,522.8,522.8,513.25,525.55,518.25,519.55,518.21,986.65,505.5,"242,909","125,877,041.10","12,845"
06-Oct-2022,EQ,531.95,535.0,523.0,528.5,524.3,525.55,529.66,986.65,505.5,"494,297","261,808,365.50","13,986"
04-Oct-2022,EQ,518.0,530.5,516.05,511.7,528.95,528.5,526.11,986.65,505.5,"311,591","163,929,720.40","15,523"
03-Oct-2022,EQ,517.4,523.05,508.75,517.4,509.1,511.7,514.58,986.65,505.5,"295,327","151,969,246.40","24,056"
30-Sep-2022,EQ,506.9,520.0,505.5,511.5,519.0,517.4,514.84,986.65,505.5,"619,684","319,036,235.50","14,766"
29-Sep-2022,EQ,545.5,547.0,508.0,535.25,512.0,511.5,518.24,986.65,508.0,"796,262","412,657,385.45","26,729"
28-Sep-2022,EQ,535.0,541.9,528.5,535.3,538.2,535.25,534.59,986.65,527.25,"265,600","141,986,343.80","10,537"
27-Sep-2022,EQ,539.0,554.0,531.1,534.35,534.6,535.3,537.69,986.65,527.25,"501,373","269,584,186.35","16,174"
26-Sep-2022,EQ,535.0,545.75,527.25,543.95,537.0,534.35,537.88,986.65,527.25,"491,050","264,126,133.15","13,622"
23-Sep-2022,EQ,566.0,567.95,542.0,562.1,543.0,543.95,554.82,986.65,528.9,"399,607","221,711,322.65","12,850"
22-Sep-2022,EQ,557.1,564.75,553.15,556.45,563.0,562.1,559.95,986.65,528.9,"250,555","140,297,158.50","9,522"
21-Sep-2022,EQ,555.0,564.15,552.05,558.65,557.0,556.45,558.05,986.65,528.9,"296,366","165,387,074.35","9,700"
20-Sep-2022,EQ,560.7,571.8,557.2,555.7,558.0,558.65,564.1,986.65,528.9,"358,854","202,429,748.75","9,822"
19-Sep-2022,EQ,558.2,567.5,550.3,558.2,554.6,555.7,557.94,986.65,528.9,"434,808","242,598,415.75","13,228"
16-Sep-2022,EQ,584.3,584.3,528.9,585.3,557.35,558.2,551.53,986.65,528.9,"2,282,543","1,258,887,413.70","62,980"
15-Sep-2022,EQ,602.95,606.1,580.55,600.1,582.0,585.3,591.36,986.65,562.65,"386,227","228,399,757.60","13,176"
14-Sep-2022,EQ,609.0,615.3,597.0,616.0,597.5,600.1,603.63,986.65,562.65,"433,796","261,853,404.35","11,183"
13-Sep-2022,EQ,621.95,630.85,614.0,622.15,615.0,616.0,619.55,986.65,562.65,"232,778","144,218,658.20","11,574"
12-Sep-2022,EQ,618.0,629.9,617.0,616.85,621.45,622.15,623.72,986.65,562.65,"459,192","286,407,049.05","15,004"
09-Sep-2022,EQ,612.35,620.75,602.0,606.15,616.65,616.85,613.42,986.65,562.65,"407,208","249,791,476.30","11,592"
08-Sep-2022,EQ,607.25,621.8,605.0,599.35,605.95,606.15,611.74,986.65,562.65,"470,180","287,630,114.30","14,589"
07-Sep-2022,EQ,604.9,607.7,592.5,604.65,601.3,599.35,597.09,986.65,562.65,"341,606","203,968,408.40","15,796"
06-Sep-2022,EQ,614.05,620.0,602.7,614.05,605.0,604.65,606.74,986.65,562.65,"226,569","137,469,243.45","8,964"
05-Sep-2022,EQ,601.1,617.4,599.0,598.0,614.9,614.05,613.35,986.65,562.65,"570,121","349,685,923.55","16,690"
02-Sep-2022,EQ,605.2,609.65,596.5,604.25,598.6,598.0,602.89,986.65,562.65,"230,390","138,900,320.95","10,358"
01-Sep-2022,EQ,590.0,609.45,587.95,591.9,605.0,604.25,600.52,986.65,562.65,"470,713","282,673,891.40","14,330"
30-Aug-2022,EQ,581.0,596.85,581.0,582.45,590.5,591.9,591.62,986.65,562.65,"285,613","168,973,793.55","8,879"
29-Aug-2022,EQ,575.0,588.95,571.05,587.15,581.0,582.45,580.41,986.65,562.65,"451,473","262,037,223.45","11,466"
26-Aug-2022,EQ,593.6,598.1,585.3,591.1,587.65,587.15,590.94,986.65,562.65,"329,409","194,661,780.45","11,272"
25-Aug-2022,EQ,596.95,604.3,589.05,594.05,591.5,591.1,593.52,986.65,562.65,"383,420","227,565,940.50","9,896"
24-Aug-2022,EQ,596.0,600.15,587.0,594.9,596.95,594.05,593.28,986.65,562.65,"278,866","165,446,537.60","9,403"
23-Aug-2022,EQ,575.0,597.0,574.0,584.15,597.0,594.9,587.95,986.65,562.65,"548,864","322,707,211.45","13,183"
22-Aug-2022,EQ,605.3,605.4,580.1,610.45,582.3,584.15,592.28,986.65,562.65,"881,780","522,264,872.15","23,618"
19-Aug-2022,EQ,628.0,637.3,607.15,627.0,609.0,610.45,619.1,986.65,562.65,"539,152","333,789,044.20","21,844"
18-Aug-2022,EQ,631.15,635.75,622.85,634.2,626.95,627.0,627.75,986.65,562.65,"280,159","175,868,802.75","14,823"
17-Aug-2022,EQ,632.0,643.9,626.1,631.1,631.15,634.2,637.17,986.65,562.65,"471,399","300,362,673.45","20,848"
16-Aug-2022,EQ,615.0,639.9,610.1,610.95,630.8,631.1,628.58,986.65,562.65,"734,552","461,724,919.20","28,327"
12-Aug-2022,EQ,618.8,624.15,608.4,618.3,611.5,610.95,614.05,986.65,562.65,"275,869","169,398,204.90","13,506"
11-Aug-2022,EQ,616.25,628.5,613.65,614.0,619.0,618.3,621.16,986.65,562.65,"617,425","383,517,938.65","18,510"
10-Aug-2022,EQ,613.95,621.0,603.3,614.3,613.0,614.0,614.27,986.65,562.65,"456,970","280,702,816.15","18,603"
08-Aug-2022,EQ,612.0,617.6,598.5,611.2,614.75,614.3,606.7,986.65,562.65,"489,918","297,233,731.90","15,912"
05-Aug-2022,EQ,625.4,627.85,609.0,620.3,609.5,611.2,615.86,986.65,562.65,"612,844","377,427,712.05","18,617"
04-Aug-2022,EQ,622.6,624.7,604.1,616.1,622.5,620.3,614.86,986.65,562.65,"541,368","332,862,848.50","26,673"
03-Aug-2022,EQ,631.5,634.6,612.25,629.3,616.1,616.1,620.52,986.65,562.65,"593,358","368,192,792.65","32,285"
02-Aug-2022,EQ,636.0,643.0,625.2,635.95,628.35,629.3,631.88,986.65,562.65,"420,722","265,846,889.20","15,720"
01-Aug-2022,EQ,633.05,645.0,630.0,630.4,635.5,635.95,636.4,986.65,562.65,"573,519","364,986,949.25","35,667"
29-Jul-2022,EQ,649.5,651.35,625.0,666.85,631.1,630.4,634.77,986.65,562.65,"1,455,670","924,013,729.55","55,568"
28-Jul-2022,EQ,667.65,670.45,654.6,654.6,667.8,666.85,662.83,986.65,562.65,"551,918","365,825,200.70","16,989"
27-Jul-2022,EQ,654.2,664.85,638.0,653.6,656.0,654.6,651.88,986.65,562.65,"308,214","200,919,979.80","10,803"
26-Jul-2022,EQ,696.0,699.8,645.25,694.8,650.0,653.6,665.38,986.65,562.65,"665,410","442,751,126.75","22,458"
25-Jul-2022,EQ,689.8,704.95,687.0,690.15,693.8,694.8,696.21,986.65,562.65,"369,124","256,988,424.15","13,261"
22-Jul-2022,EQ,706.5,714.65,685.45,700.95,689.0,690.15,697.33,986.65,562.65,"435,852","303,931,357.70","15,485"
21-Jul-2022,EQ,685.0,706.0,679.05,684.95,704.75,700.95,694.06,986.65,562.65,"422,947","293,549,760.70","14,125"
20-Jul-2022,EQ,677.0,700.0,676.0,671.9,681.9,684.95,689.85,986.65,562.65,"635,254","438,227,748.45","20,578"
19-Jul-2022,EQ,671.0,678.9,662.0,670.95,670.5,671.9,670.58,986.65,562.65,"212,591","142,558,875.65","8,685"
18-Jul-2022,EQ,674.0,681.5,668.45,666.8,670.0,670.95,674.04,986.65,562.65,"221,840","149,528,058.30","11,099"
15-Jul-2022,EQ,659.9,671.0,655.5,657.0,665.9,666.8,664.13,986.65,562.65,"193,593","128,571,475.55","8,365"
14-Jul-2022,EQ,678.0,679.45,650.5,676.75,656.05,657.0,662.65,986.65,562.65,"245,114","162,423,903.50","10,431"
13-Jul-2022,EQ,678.6,688.45,670.1,675.6,677.95,676.75,678.03,986.65,562.65,"237,137","160,786,496.90","10,727"
12-Jul-2022,EQ,691.95,698.5,672.3,697.85,675.5,675.6,682.17,986.65,562.65,"362,897","247,557,296.85","13,981"
11-Jul-2022,EQ,669.65,700.35,660.05,667.5,697.0,697.85,684.64,986.65,562.65,"529,058","362,214,648.85","16,479"
08-Jul-2022,EQ,669.0,688.4,663.1,665.0,669.5,667.5,675.21,986.65,562.65,"402,954","272,079,790.90","13,882"
07-Jul-2022,EQ,679.9,683.15,658.9,674.0,663.2,665.0,670.83,986.65,562.65,"297,793","199,768,594.15","14,876"
06-Jul-2022,EQ,649.3,677.4,641.65,644.8,673.0,674.0,662.6,986.65,562.65,"324,277","214,865,682.40","11,851"
05-Jul-2022,EQ,660.5,678.95,642.25,662.35,644.15,644.8,665.25,986.65,562.65,"455,885","303,276,204.00","15,219"
04-Jul-2022,EQ,654.0,670.9,649.65,654.1,660.5,662.35,661.0,986.65,562.65,"256,900","169,811,862.30","8,258"
01-Jul-2022,EQ,635.6,659.0,623.35,633.35,658.95,654.1,641.21,986.65,562.65,"329,488","211,271,895.15","12,120"
30-Jun-2022,EQ,651.1,658.6,629.55,647.8,629.55,633.35,640.7,986.65,562.65,"212,117","135,904,101.60","8,368"
29-Jun-2022,EQ,658.0,664.0,644.8,666.0,645.0,647.8,653.82,986.65,562.65,"176,015","115,081,562.50","7,021"
28-Jun-2022,EQ,660.0,668.35,648.05,665.35,666.05,666.0,658.66,986.65,562.65,"229,926","151,443,426.95","7,811"
27-Jun-2022,EQ,648.65,671.65,646.9,641.5,663.95,665.35,663.75,986.65,562.65,"505,509","335,531,716.40","15,719"
24-Jun-2022,EQ,662.0,662.4,632.1,649.1,641.75,641.5,643.5,986.65,562.65,"512,056","329,507,371.95","16,819"
23-Jun-2022,EQ,620.4,652.0,615.6,615.2,650.8,649.1,638.09,986.65,562.65,"430,740","274,852,733.90","17,794"
22-Jun-2022,EQ,629.5,631.25,603.95,627.75,613.0,615.2,619.11,986.65,562.65,"271,316","167,973,222.10","11,328"
21-Jun-2022,EQ,621.9,641.4,612.5,610.7,631.0,627.75,630.24,986.65,562.65,"416,579","262,545,702.35","12,705"
20-Jun-2022,EQ,631.0,633.4,602.0,629.05,610.25,610.7,614.47,986.65,562.65,"432,675","265,864,691.35","13,031"
17-Jun-2022,EQ,606.5,634.8,584.65,605.6,629.0,629.05,618.87,986.65,562.65,"765,559","473,780,837.95","24,743"
16-Jun-2022,EQ,628.7,636.85,595.0,618.2,603.0,605.6,611.72,986.65,562.65,"584,414","357,495,389.15","18,371"
15-Jun-2022,EQ,630.0,635.0,615.0,626.5,617.0,618.2,623.03,986.65,562.65,"252,254","157,162,932.80","9,603"
14-Jun-2022,EQ,615.5,631.95,613.0,621.5,626.2,626.5,625.78,986.65,562.65,"289,628","181,242,232.80","11,568"
13-Jun-2022,EQ,628.0,636.35,618.9,646.05,621.7,621.5,628.93,986.65,562.65,"366,422","230,454,011.10","11,672"
10-Jun-2022,EQ,658.0,658.0,643.0,662.1,643.0,646.05,649.31,986.65,562.65,"216,759","140,743,507.75","6,894"
09-Jun-2022,EQ,666.75,669.95,651.75,667.65,661.3,662.1,660.59,986.65,562.65,"306,635","202,559,429.65","11,024"
08-Jun-2022,EQ,668.0,673.35,653.6,661.65,665.2,667.65,665.64,986.65,562.65,"253,144","168,502,303.50","11,080"
07-Jun-2022,EQ,667.35,667.45,653.0,668.75,661.0,661.65,659.68,986.65,562.65,"202,755","133,753,300.95","8,285"
06-Jun-2022,EQ,680.0,683.8,656.3,680.0,669.0,668.75,669.39,986.65,562.65,"497,504","333,025,679.30","16,416"
03-Jun-2022,EQ,694.4,719.0,673.35,681.9,681.0,680.0,702.47,986.65,562.65,"1,581,153","1,110,719,082.35","40,812"
02-Jun-2022,EQ,668.75,687.9,665.1,668.75,682.0,681.9,680.71,986.65,562.65,"560,907","381,813,781.70","18,841"
01-Jun-2022,EQ,680.0,686.95,661.35,673.0,669.85,668.75,673.95,986.65,562.65,"527,420","355,453,488.85","19,558"
31-May-2022,EQ,676.0,683.7,665.0,673.85,673.1,673.0,675.42,986.65,562.65,"507,533","342,797,187.60","17,830"
30-May-2022,EQ,634.75,678.8,630.6,623.3,673.8,673.85,665.31,986.65,562.65,"1,340,188","891,644,915.00","35,563"
27-May-2022,EQ,614.0,634.2,610.5,604.9,623.25,623.3,623.31,986.65,562.65,"473,498","295,135,272.30","15,473"
26-May-2022,EQ,602.95,610.0,580.85,594.35,610.0,604.9,595.48,986.65,562.65,"460,456","274,193,278.00","15,293"
25-May-2022,EQ,613.95,617.2,587.05,609.95,593.0,594.35,596.72,986.65,562.65,"434,841","259,480,409.40","15,090"
24-May-2022,EQ,630.0,638.0,605.6,627.3,610.0,609.95,617.66,986.65,562.65,"309,534","191,187,102.45","13,408"
23-May-2022,EQ,625.0,658.0,620.8,626.85,628.5,627.3,640.89,986.65,562.65,"559,550","358,607,827.20","18,123"
20-May-2022,EQ,634.4,643.95,621.2,625.8,630.2,626.85,630.34,986.65,562.65,"489,087","308,290,183.75","20,921"
19-May-2022,EQ,619.85,631.5,611.6,646.15,629.5,625.8,623.4,986.65,562.65,"708,999","441,990,234.45","17,578"
18-May-2022,EQ,646.0,655.0,630.65,641.35,646.8,646.15,643.26,986.65,562.65,"843,958","542,886,073.45","22,521"
17-May-2022,EQ,587.9,663.35,583.7,576.85,640.35,641.35,620.09,986.65,562.65,"2,157,074","1,337,573,957.15","49,529"
16-May-2022,EQ,574.6,590.75,564.0,571.7,581.0,576.85,575.72,986.65,562.65,"512,481","295,043,968.15","17,433"
13-May-2022,EQ,585.0,599.2,562.65,578.85,573.6,571.7,584.96,986.65,562.65,"822,541","481,152,987.85","26,297"
12-May-2022,EQ,590.0,595.0,571.1,596.2,580.75,578.85,581.39,986.65,565.95,"520,621","302,686,223.65","17,000"
11-May-2022,EQ,605.0,614.05,565.95,606.4,598.9,596.2,590.64,986.65,565.95,"1,322,640","781,198,478.05","44,794"
10-May-2022,EQ,642.5,669.7,591.3,652.3,608.15,606.4,630.1,986.65,577.45,"960,896","605,459,675.95","32,441"
09-May-2022,EQ,674.9,675.0,642.25,678.35,652.75,652.3,657.97,986.65,577.45,"848,608","558,362,697.30","25,337"
06-May-2022,EQ,674.0,712.0,661.25,712.25,682.0,678.35,689.55,986.65,577.45,"1,514,976","1,044,644,574.85","44,878"
05-May-2022,EQ,777.5,792.0,687.25,763.6,687.25,712.25,727.88,986.65,577.45,"1,160,217","844,498,391.50","33,174"
04-May-2022,EQ,788.5,807.0,757.65,787.55,764.4,763.6,782.91,986.65,577.45,"539,329","422,245,486.90","21,159"
02-May-2022,EQ,776.05,794.25,768.15,790.8,788.5,787.55,782.38,986.65,577.45,"270,717","211,802,580.25","12,996"
29-Apr-2022,EQ,820.0,822.9,785.0,815.85,793.95,790.8,803.5,986.65,577.45,"289,559","232,660,769.30","13,985"
28-Apr-2022,EQ,824.0,830.0,812.3,817.6,815.0,815.85,817.86,986.65,577.45,"269,715","220,587,864.00","7,360"
27-Apr-2022,EQ,806.9,823.0,788.0,810.95,817.0,817.6,803.24,986.65,577.45,"453,033","363,894,074.50","18,028"
26-Apr-2022,EQ,839.95,852.0,807.05,834.45,810.4,810.95,826.67,986.65,577.45,"544,947","450,492,712.70","26,512"
25-Apr-2022,EQ,805.05,847.35,801.9,815.7,833.8,834.45,830.5,986.65,577.45,"996,612","827,685,126.65","43,795"
22-Apr-2022,EQ,842.0,845.8,811.8,844.35,818.95,815.7,830.59,986.65,577.45,"348,710","289,636,771.70","17,041"
21-Apr-2022,EQ,836.75,862.8,836.75,836.0,843.95,844.35,849.01,986.65,577.45,"242,551","205,928,704.55","12,117"
20-Apr-2022,EQ,836.0,847.0,823.05,829.65,839.0,836.0,835.64,986.65,577.45,"381,332","318,657,006.35","15,838"
19-Apr-2022,EQ,881.5,890.0,817.05,880.6,821.4,829.65,855.61,986.65,577.45,"530,302","453,731,239.30","20,380"
18-Apr-2022,EQ,895.0,895.7,865.85,913.1,878.0,880.6,880.44,986.65,577.45,"600,564","528,760,996.20","20,728"
13-Apr-2022,EQ,918.0,926.9,902.0,918.05,911.6,913.1,914.03,986.65,577.45,"323,383","295,583,351.65","12,281"
12-Apr-2022,EQ,950.0,950.0,901.25,951.85,918.0,918.05,925.44,986.65,577.45,"626,457","579,747,497.15","23,818"
11-Apr-2022,EQ,963.4,964.0,931.65,957.5,950.0,951.85,947.83,986.65,577.45,"467,615","443,220,009.60","19,668"
08-Apr-2022,EQ,950.0,971.6,950.0,952.2,961.4,957.5,963.3,986.65,577.45,"408,085","393,108,534.60","18,025"
07-Apr-2022,EQ,973.4,986.65,942.6,973.4,955.7,952.2,963.82,986.65,577.45,"586,601","565,378,271.90","27,723"
06-Apr-2022,EQ,957.0,978.0,945.0,958.15,971.1,973.4,969.68,978.0,577.45,"773,462","750,011,281.45","26,164"
05-Apr-2022,EQ,931.0,971.35,927.0,928.0,958.0,958.15,952.61,971.35,577.45,"1,065,121","1,014,643,113.65","29,515"
04-Apr-2022,EQ,917.7,933.0,912.15,910.0,925.05,928.0,921.37,951.0,577.45,"542,951","500,257,793.65","22,751"
01-Apr-2022,EQ,942.0,946.55,907.25,945.75,912.0,910.0,921.45,951.0,577.45,"866,107","798,075,575.85","41,665"
31-Mar-2022,EQ,925.0,951.0,914.0,916.65,942.0,945.75,933.62,951.0,577.45,"1,230,753","1,149,052,227.95","44,501"
30-Mar-2022,EQ,905.0,923.7,895.25,903.6,912.5,916.65,912.75,923.7,577.45,"1,003,507","915,948,134.05","36,080"
29-Mar-2022,EQ,858.35,913.45,855.0,860.05,902.0,903.6,897.0,913.45,577.45,"2,002,872","1,796,584,144.80","58,271"
28-Mar-2022,EQ,865.0,869.2,833.3,858.8,860.0,860.05,851.78,892.0,577.45,"577,776","492,139,777.20","24,020"
25-Mar-2022,EQ,856.8,883.4,838.05,849.6,858.25,858.8,864.55,892.0,577.45,"1,555,123","1,344,487,103.90","43,571"
24-Mar-2022,EQ,839.0,854.0,828.0,837.7,844.15,849.6,845.68,892.0,577.45,"595,354","503,478,743.95","18,435"
23-Mar-2022,EQ,825.0,841.8,816.5,818.7,838.0,837.7,831.75,892.0,577.45,"853,287","709,719,826.60","26,793"
22-Mar-2022,EQ,807.15,844.5,791.0,802.9,819.0,818.7,825.29,892.0,577.45,"2,549,888","2,104,395,515.55","71,428"
21-Mar-2022,EQ,774.0,817.05,766.25,767.05,804.0,802.9,797.81,892.0,577.45,"1,190,290","949,625,418.85","32,128"
17-Mar-2022,EQ,772.0,779.25,757.7,761.8,764.0,767.05,770.27,892.0,501.25,"594,353","457,811,085.05","18,828"
16-Mar-2022,EQ,726.0,772.0,720.0,713.8,763.25,761.8,754.65,892.0,501.25,"949,473","716,517,891.15","30,247"
15-Mar-2022,EQ,734.05,744.25,708.75,734.4,716.0,713.8,725.03,892.0,501.25,"219,385","159,060,845.35","11,891"
14-Mar-2022,EQ,744.85,752.7,720.0,737.85,732.0,734.4,735.12,892.0,501.25,"478,192","351,529,966.55","19,372"
11-Mar-2022,EQ,718.0,747.25,705.65,719.45,746.0,737.85,728.69,892.0,460.1,"395,348","288,087,935.50","13,275"
10-Mar-2022,EQ,733.0,733.0,711.4,719.75,716.4,719.45,721.71,892.0,460.1,"271,776","196,142,660.10","13,103"
09-Mar-2022,EQ,712.7,730.0,709.2,710.3,722.4,719.75,719.76,892.0,460.1,"364,228","262,157,655.50","13,227"
08-Mar-2022,EQ,687.7,719.1,685.0,681.2,706.2,710.3,708.86,892.0,460.1,"881,203","624,646,956.15","29,017"
07-Mar-2022,EQ,660.05,686.7,653.1,679.0,682.25,681.2,674.09,892.0,460.1,"468,536","315,836,126.45","16,761"
04-Mar-2022,EQ,654.9,691.9,644.8,656.0,678.9,679.0,675.01,892.0,421.45,"1,222,819","825,410,577.90","36,108"
03-Mar-2022,EQ,660.0,668.65,651.6,652.7,654.3,656.0,657.98,892.0,421.45,"303,254","199,534,725.40","14,304"
02-Mar-2022,EQ,653.0,667.5,643.9,653.75,653.45,652.7,653.87,892.0,421.45,"417,417","272,936,102.65","18,021"
28-Feb-2022,EQ,644.9,660.0,631.25,644.9,655.05,653.75,644.99,892.0,421.45,"225,027","145,139,878.85","9,769"
25-Feb-2022,EQ,626.5,658.0,626.5,621.05,645.0,644.9,645.34,892.0,421.45,"361,291","233,153,798.20","13,220"
24-Feb-2022,EQ,635.0,643.85,616.25,666.25,620.0,621.05,631.4,892.0,421.45,"490,753","309,859,880.40","21,311"
23-Feb-2022,EQ,654.3,671.75,654.3,650.85,665.7,666.25,665.74,892.0,421.45,"272,290","181,274,087.35","11,821"
22-Feb-2022,EQ,644.0,658.0,641.25,670.2,652.95,650.85,649.64,892.0,421.45,"347,691","225,875,322.45","19,622"
21-Feb-2022,EQ,680.0,680.0,658.1,681.15,667.9,670.2,669.05,892.0,421.45,"236,703","158,367,171.35","9,787"
18-Feb-2022,EQ,666.0,699.15,664.05,672.6,681.0,681.15,678.84,892.0,421.45,"227,634","154,526,890.55","7,567"
17-Feb-2022,EQ,690.0,694.7,670.0,687.3,671.1,672.6,677.65,892.0,421.45,"177,238","120,105,744.70","6,711"
16-Feb-2022,EQ,686.6,698.75,680.05,676.15,686.1,687.3,688.9,892.0,421.45,"350,234","241,277,658.50","12,412"
15-Feb-2022,EQ,658.0,685.95,649.05,655.25,675.1,676.15,663.92,892.0,421.45,"664,499","441,177,287.30","21,875"
14-Feb-2022,EQ,671.0,674.0,627.9,685.3,653.0,655.25,660.09,892.0,421.45,"659,587","435,384,997.20","23,879"
11-Feb-2022,EQ,709.95,712.95,682.2,720.05,683.0,685.3,696.37,892.0,421.45,"439,365","305,961,715.20","21,839"
10-Feb-2022,EQ,717.0,728.85,709.2,715.4,716.05,720.05,717.79,892.0,421.45,"272,406","195,530,201.90","13,184"
09-Feb-2022,EQ,707.0,733.75,705.05,705.45,717.0,715.4,717.79,892.0,421.45,"487,445","349,884,854.60","21,523"
08-Feb-2022,EQ,719.75,744.75,698.6,721.8,707.0,705.45,710.66,892.0,421.45,"440,445","313,007,567.35","17,242"
07-Feb-2022,EQ,746.7,746.7,720.0,741.35,720.0,721.8,729.5,892.0,421.45,"317,108","231,330,096.70","15,594"
04-Feb-2022,EQ,747.85,769.5,738.0,749.65,742.0,741.35,749.71,892.0,323.5,"447,945","335,828,821.80","22,544"
03-Feb-2022,EQ,779.85,779.85,747.0,774.65,748.0,749.65,760.91,892.0,323.5,"270,507","205,832,124.20","14,109"
02-Feb-2022,EQ,767.95,798.0,767.95,766.15,776.0,774.65,784.13,892.0,323.5,"739,280","579,692,493.25","23,731"
01-Feb-2022,EQ,771.8,778.9,757.55,768.1,765.0,766.15,767.54,892.0,323.5,"278,388","213,674,175.60","8,553"
31-Jan-2022,EQ,763.0,781.95,759.55,756.0,767.9,768.1,770.49,892.0,323.5,"349,428","269,232,506.75","10,753"
28-Jan-2022,EQ,742.0,779.0,737.85,732.6,756.6,756.0,764.23,892.0,311.75,"730,027","557,905,610.80","30,242"
27-Jan-2022,EQ,721.0,752.0,711.25,721.25,733.6,732.6,733.99,892.0,311.75,"749,403","550,052,939.25","33,642"
25-Jan-2022,EQ,680.0,727.8,666.1,681.1,722.0,721.25,709.98,892.0,311.75,"347,107","246,437,570.70","17,663"
24-Jan-2022,EQ,736.0,750.3,675.0,751.55,683.6,681.1,700.61,892.0,311.75,"566,268","396,734,191.40","26,040"
21-Jan-2022,EQ,755.8,765.0,741.0,764.35,755.5,751.55,755.16,892.0,311.75,"164,852","124,489,920.85","8,612"
20-Jan-2022,EQ,770.0,792.0,760.2,765.6,765.0,764.35,776.13,892.0,311.75,"272,587","211,563,832.75","15,104"
19-Jan-2022,EQ,757.0,774.75,742.0,760.95,769.0,765.6,757.14,892.0,311.75,"245,865","186,153,327.50","16,606"
18-Jan-2022,EQ,799.1,805.1,753.25,793.3,761.5,760.95,781.96,892.0,311.75,"480,568","375,784,615.70","20,534"
17-Jan-2022,EQ,749.8,804.2,748.55,747.05,796.0,793.3,789.35,892.0,311.75,"1,336,414","1,054,897,594.65","38,796"
14-Jan-2022,EQ,741.1,762.0,737.5,744.95,747.0,747.05,751.7,892.0,311.75,"157,179","118,151,285.10","6,914"
13-Jan-2022,EQ,750.85,762.0,738.5,750.5,746.2,744.95,748.31,892.0,311.75,"183,039","136,969,157.00","6,823"
12-Jan-2022,EQ,751.0,764.0,743.25,742.4,749.6,750.5,750.84,892.0,311.75,"291,566","218,920,790.65","9,779"
11-Jan-2022,EQ,764.05,775.0,738.0,755.4,740.5,742.4,757.78,892.0,311.75,"378,094","286,511,499.20","16,661"
10-Jan-2022,EQ,717.25,774.0,714.85,711.9,755.0,755.4,755.91,892.0,311.75,"987,836","746,712,578.50","30,039"
07-Jan-2022,EQ,722.85,732.0,710.0,719.15,710.85,711.9,719.46,892.0,306.15,"187,443","134,856,889.95","8,100"
06-Jan-2022,EQ,717.0,731.45,703.0,717.5,718.0,719.15,719.31,892.0,306.15,"324,600","233,487,563.45","12,377"
05-Jan-2022,EQ,724.0,730.0,714.9,729.15,716.85,717.5,719.91,892.0,306.15,"238,016","171,349,603.55","11,181"
04-Jan-2022,EQ,742.9,745.9,724.95,739.45,728.0,729.15,731.32,892.0,306.15,"246,118","179,990,677.55","12,306"
03-Jan-2022,EQ,744.6,752.9,736.0,742.25,740.0,739.45,742.9,892.0,306.15,"481,379","357,618,297.00","22,796"
31-Dec-2021,EQ,785.0,786.0,737.0,772.95,743.0,742.25,758.47,892.0,303.9,"672,346","509,952,010.00","25,574"
30-Dec-2021,EQ,723.0,785.0,716.7,719.35,776.35,772.95,761.13,892.0,303.9,"2,407,227","1,832,206,843.40","56,860"
29-Dec-2021,EQ,692.25,733.0,689.3,687.35,720.0,719.35,718.68,892.0,303.9,"904,741","650,221,372.50","29,541"
28-Dec-2021,EQ,683.5,694.0,680.0,681.55,688.9,687.35,686.57,892.0,303.9,"110,452","75,833,234.05","5,795"
27-Dec-2021,EQ,667.0,688.5,657.05,670.25,680.25,681.55,673.26,892.0,303.9,"160,685","108,182,816.75","7,668"
24-Dec-2021,EQ,680.7,683.7,666.25,674.7,672.8,670.25,675.99,892.0,280.5,"112,630","76,137,136.20","5,898"
23-Dec-2021,EQ,661.15,680.95,661.15,658.2,673.5,674.7,673.12,892.0,280.5,"165,828","111,622,348.70","7,840"
22-Dec-2021,EQ,674.0,678.45,653.0,666.65,658.0,658.2,664.07,892.0,280.5,"190,269","126,351,680.10","8,153"
21-Dec-2021,EQ,660.0,669.0,655.2,651.05,665.8,666.65,662.53,892.0,280.5,"147,804","97,923,998.10","7,661"
20-Dec-2021,EQ,680.0,680.0,639.55,679.25,652.0,651.05,650.0,892.0,280.5,"310,173","201,611,505.65","15,171"
17-Dec-2021,EQ,719.55,723.0,669.95,714.15,680.2,679.25,695.12,892.0,280.5,"399,652","277,805,260.05","14,954"
16-Dec-2021,EQ,691.3,723.65,691.3,688.45,717.0,714.15,712.47,892.0,280.5,"694,083","494,515,877.60","31,194"
15-Dec-2021,EQ,680.0,703.4,662.0,676.95,687.5,688.45,694.55,892.0,280.5,"388,492","269,828,346.75","16,223"
14-Dec-2021,EQ,691.75,693.4,670.85,692.7,680.0,676.95,680.31,892.0,280.5,"159,565","108,553,911.75","9,181"
13-Dec-2021,EQ,700.1,711.3,672.95,697.6,696.0,692.7,702.24,892.0,280.5,"170,137","119,476,840.05","7,679"
10-Dec-2021,EQ,683.9,708.75,676.75,680.65,698.0,697.6,695.7,892.0,273.85,"290,189","201,884,126.65","10,790"
09-Dec-2021,EQ,680.9,685.85,670.0,677.3,681.0,680.65,679.81,892.0,273.85,"105,129","71,467,335.35","5,059"
08-Dec-2021,EQ,671.0,691.0,669.4,660.65,676.8,677.3,680.89,892.0,273.85,"306,886","208,956,002.75","12,779"
07-Dec-2021,EQ,646.6,668.3,646.2,645.05,660.75,660.65,658.7,892.0,273.85,"248,158","163,462,865.20","10,497"
06-Dec-2021,EQ,646.0,650.0,636.75,651.4,644.0,645.05,644.86,892.0,273.85,"127,895","82,474,653.35","5,064"
03-Dec-2021,EQ,640.0,659.5,640.0,637.3,652.0,651.4,650.93,892.0,272.75,"206,351","134,319,804.80","8,913"
02-Dec-2021,EQ,639.9,649.9,631.0,630.05,641.0,637.3,639.95,892.0,272.75,"160,451","102,680,238.10","8,725"
01-Dec-2021,EQ,626.5,639.9,611.25,620.9,628.0,630.05,630.16,892.0,272.75,"181,607","114,440,906.15","8,679"
30-Nov-2021,EQ,607.3,629.7,607.3,614.6,623.0,620.9,618.96,892.0,272.75,"500,463","309,766,994.05","19,222"
29-Nov-2021,EQ,641.0,645.0,603.7,652.35,617.5,614.6,623.74,892.0,272.75,"441,021","275,081,168.45","22,241"
26-Nov-2021,EQ,660.2,667.95,648.45,673.2,659.7,652.35,655.16,892.0,256.95,"169,212","110,860,550.85","11,491"
25-Nov-2021,EQ,678.5,684.0,665.05,674.65,671.05,673.2,674.07,892.0,256.95,"114,118","76,923,631.85","6,883"
24-Nov-2021,EQ,658.0,689.0,652.8,647.35,673.2,674.65,674.73,892.0,256.95,"290,508","196,013,494.70","14,474"
23-Nov-2021,EQ,636.0,656.35,631.75,641.05,647.05,647.35,648.84,892.0,256.95,"140,325","91,047,795.15","8,892"
22-Nov-2021,EQ,671.85,671.85,636.0,673.2,647.0,641.05,649.32,892.0,256.95,"315,529","204,878,346.10","19,176"
18-Nov-2021,EQ,683.85,693.25,661.1,681.4,668.5,673.2,672.96,892.0,252.0,"463,949","312,219,678.40","22,429"
17-Nov-2021,EQ,697.25,707.25,675.5,696.0,681.0,681.4,690.86,892.0,252.0,"306,697","211,885,299.05","21,115"
16-Nov-2021,EQ,706.0,716.0,690.1,708.25,694.4,696.0,702.9,892.0,252.0,"260,804","183,319,068.65","13,500"
15-Nov-2021,EQ,729.9,733.7,703.0,725.75,706.5,708.25,714.74,892.0,252.0,"251,010","179,407,618.20","12,340"
12-Nov-2021,EQ,741.3,746.4,721.15,740.8,724.0,725.75,735.18,892.0,227.35,"278,818","204,980,569.90","15,971"
11-Nov-2021,EQ,757.0,757.9,725.0,749.4,738.95,740.8,740.36,892.0,227.35,"701,090","519,056,508.50","35,372"
10-Nov-2021,EQ,699.0,760.4,695.0,698.8,748.95,749.4,744.5,892.0,227.35,"1,641,996","1,222,470,555.25","44,328"
09-Nov-2021,EQ,697.4,703.65,685.0,691.7,699.0,698.8,691.94,892.0,227.35,"247,231","171,068,732.55","11,239"
08-Nov-2021,EQ,711.0,711.0,686.9,703.2,690.55,691.7,693.59,892.0,227.35,"253,826","176,052,415.50","16,664"
04-Nov-2021,EQ,705.0,709.9,696.4,698.0,702.35,703.2,703.7,892.0,227.35,"83,763","58,944,006.90","3,106"
03-Nov-2021,EQ,713.5,713.75,692.0,709.45,698.0,698.0,698.21,892.0,227.35,"260,909","182,170,453.10","15,092"
02-Nov-2021,EQ,698.85,719.9,693.9,695.3,707.05,709.45,708.1,892.0,227.35,"505,059","357,630,933.70","27,365"
01-Nov-2021,EQ,660.0,702.4,656.0,654.65,697.5,695.3,690.43,892.0,227.35,"606,459","418,716,437.15","27,126"
29-Oct-2021,EQ,671.0,680.0,646.0,659.65,653.05,654.65,660.64,892.0,227.35,"528,084","348,871,724.75","24,819"
28-Oct-2021,EQ,665.25,679.75,645.05,661.85,660.0,659.65,663.69,892.0,227.35,"442,717","293,826,781.00","21,248"
27-Oct-2021,EQ,677.5,683.5,650.55,672.45,661.05,661.85,667.13,892.0,227.35,"307,474","205,125,779.05","12,561"
26-Oct-2021,EQ,667.7,678.75,662.25,667.15,675.0,672.45,672.31,892.0,227.35,"213,249","143,369,095.35","11,679"
25-Oct-2021,EQ,675.65,686.75,648.0,670.45,660.0,667.15,666.59,892.0,227.35,"255,933","170,602,015.05","18,745"
22-Oct-2021,EQ,667.7,677.0,656.9,663.25,670.0,670.45,668.01,892.0,227.35,"139,696","93,318,579.00","8,704"
21-Oct-2021,EQ,670.0,682.9,658.1,669.85,665.5,663.25,666.15,892.0,227.35,"208,865","139,134,447.90","16,614"
20-Oct-2021,EQ,686.95,691.35,656.45,686.7,669.0,669.85,671.4,892.0,227.35,"333,576","223,962,613.20","19,481"
19-Oct-2021,EQ,718.9,718.9,682.0,714.3,686.9,686.7,700.08,892.0,227.35,"306,514","214,585,420.75","20,090"
18-Oct-2021,EQ,710.9,720.0,706.5,706.3,712.0,714.3,715.26,892.0,227.35,"291,869","208,761,682.95","17,570"
14-Oct-2021,EQ,692.9,720.0,690.2,687.25,706.0,706.3,710.46,892.0,219.0,"687,443","488,399,123.95","31,532"
13-Oct-2021,EQ,704.95,705.0,685.6,698.7,687.0,687.25,690.55,892.0,219.0,"196,853","135,937,122.75","13,604"
12-Oct-2021,EQ,695.6,714.75,694.0,695.3,698.25,698.7,699.79,892.0,219.0,"167,927","117,513,214.00","10,453"
11-Oct-2021,EQ,690.1,714.75,685.2,689.7,695.0,695.3,698.53,892.0,219.0,"402,675","281,278,662.95","21,342"
08-Oct-2021,EQ,694.0,702.0,683.25,681.15,688.4,689.7,690.33,892.0,219.0,"243,798","168,300,438.75","15,261"
07-Oct-2021,EQ,683.8,690.25,679.0,678.7,682.25,681.15,684.37,892.0,219.0,"113,378","77,592,045.20","8,605"
06-Oct-2021,EQ,691.9,697.55,671.05,689.75,679.85,678.7,685.43,892.0,219.0,"199,693","136,876,016.70","10,393"
05-Oct-2021,EQ,701.0,703.6,683.15,702.05,689.5,689.75,689.02,892.0,219.0,"290,542","200,190,376.15","20,581"
04-Oct-2021,EQ,706.0,710.75,699.95,699.1,701.65,702.05,704.36,892.0,219.0,"139,865","98,515,347.80","8,516"
01-Oct-2021,EQ,704.9,711.75,695.6,709.95,700.0,699.1,702.61,892.0,204.5,"166,836","117,221,073.95","10,496"
30-Sep-2021,EQ,710.0,727.0,705.55,707.2,710.5,709.95,717.98,892.0,204.5,"379,565","272,518,823.05","18,767"
29-Sep-2021,EQ,708.0,716.1,701.0,715.15,704.05,707.2,706.61,892.0,204.5,"259,155","183,122,503.35","15,346"
28-Sep-2021,EQ,721.0,729.7,697.55,717.4,715.0,715.15,715.65,892.0,204.5,"472,549","338,177,345.75","21,932"
27-Sep-2021,EQ,696.8,720.5,696.8,686.2,718.55,717.4,711.94,892.0,204.5,"656,031","467,054,707.90","32,631"
24-Sep-2021,EQ,697.0,717.05,682.25,692.05,684.0,686.2,704.37,892.0,195.25,"533,329","375,661,653.60","21,012"
23-Sep-2021,EQ,691.0,705.0,689.15,686.55,691.8,692.05,696.43,892.0,195.25,"268,605","187,064,715.40","9,888"
22-Sep-2021,EQ,681.8,696.5,674.85,678.85,684.95,686.55,688.4,892.0,195.25,"358,623","246,874,568.50","12,865"
21-Sep-2021,EQ,650.0,681.7,642.65,661.5,679.75,678.85,662.88,892.0,195.25,"266,573","176,705,168.95","10,884"
20-Sep-2021,EQ,676.9,682.0,656.7,677.6,662.0,661.5,671.59,892.0,195.25,"246,568","165,593,480.75","12,368"
17-Sep-2021,EQ,685.0,708.0,666.25,662.3,678.3,677.6,682.75,892.0,195.25,"825,017","563,279,579.60","49,677"
16-Sep-2021,EQ,636.95,673.55,636.0,634.15,663.0,662.3,659.58,892.0,195.25,"643,210","424,250,663.55","27,074"
15-Sep-2021,EQ,643.0,645.0,633.0,643.2,634.5,634.15,638.39,892.0,195.25,"206,903","132,084,489.85","13,180"
14-Sep-2021,EQ,649.9,649.9,636.25,643.7,643.0,643.2,642.89,892.0,195.25,"172,327","110,786,696.60","12,182"
13-Sep-2021,EQ,636.0,649.75,627.0,631.9,644.2,643.7,639.7,892.0,195.25,"144,561","92,475,160.90","6,901"
09-Sep-2021,EQ,637.95,637.95,625.0,635.2,632.0,631.9,629.06,892.0,181.4,"157,074","98,809,539.90","6,974"
08-Sep-2021,EQ,649.9,649.9,634.35,646.45,635.0,635.2,637.79,892.0,181.4,"159,200","101,535,544.50","7,958"
07-Sep-2021,EQ,644.8,650.45,634.0,643.2,648.0,646.45,642.55,892.0,181.4,"154,782","99,454,904.10","8,432"
06-Sep-2021,EQ,654.8,659.6,641.2,650.25,641.4,643.2,647.67,892.0,181.4,"121,556","78,728,439.60","6,244"
03-Sep-2021,EQ,660.0,665.0,646.0,662.25,648.4,650.25,652.75,892.0,181.4,"163,084","106,453,041.50","8,153"
02-Sep-2021,EQ,648.0,666.9,642.6,646.45,658.0,662.25,655.77,892.0,181.4,"201,905","132,402,449.00","10,381"
01-Sep-2021,EQ,652.9,659.15,645.0,651.4,645.55,646.45,649.75,892.0,181.4,"112,883","73,346,226.45","6,757"
31-Aug-2021,EQ,655.0,659.95,641.85,650.45,657.6,651.4,649.6,892.0,181.4,"238,946","155,220,030.00","10,821"
30-Aug-2021,EQ,653.0,665.45,645.9,652.15,650.5,650.45,652.64,892.0,181.4,"205,948","134,410,663.45","9,338"
27-Aug-2021,EQ,670.0,670.0,648.0,658.25,652.0,652.15,657.25,892.0,178.05,"138,242","90,859,689.15","8,010"
26-Aug-2021,EQ,631.0,669.6,631.0,639.15,657.0,658.25,657.0,892.0,178.05,"604,793","397,346,260.15","27,378"
25-Aug-2021,EQ,629.0,645.0,622.55,618.7,638.0,639.15,636.63,892.0,178.05,"164,428","104,679,682.30","9,729"
24-Aug-2021,EQ,597.7,624.95,590.05,589.7,621.0,618.7,610.72,892.0,178.05,"324,121","197,948,071.75","14,717"
23-Aug-2021,EQ,633.0,637.0,577.45,621.9,588.0,589.7,599.77,892.0,178.05,"471,690","282,906,541.90","22,267"
20-Aug-2021,EQ,645.0,650.0,616.0,652.8,621.0,621.9,628.95,892.0,178.05,"292,113","183,725,170.95","17,331"
18-Aug-2021,EQ,676.7,678.2,650.0,672.95,651.25,652.8,658.47,892.0,178.05,"164,611","108,391,655.75","10,745"
17-Aug-2021,EQ,675.0,684.55,656.95,672.05,669.5,672.95,671.01,892.0,178.05,"221,756","148,801,568.55","9,912"
16-Aug-2021,EQ,655.0,688.0,646.85,668.25,670.0,672.05,665.02,892.0,178.05,"404,528","269,017,441.05","18,780"
13-Aug-2021,EQ,686.8,689.0,656.25,681.5,662.8,668.25,669.19,892.0,178.05,"340,427","227,809,366.05","11,623"
12-Aug-2021,EQ,660.0,685.3,653.0,653.95,685.05,681.5,673.95,892.0,178.05,"630,490","424,921,507.40","19,171"
11-Aug-2021,EQ,629.9,659.0,588.85,625.0,659.0,653.95,629.07,892.0,178.05,"941,345","592,171,374.70","30,189"
10-Aug-2021,EQ,659.0,667.6,607.0,658.6,627.95,625.0,628.84,892.0,178.05,"1,351,577","849,921,711.90","51,712"
09-Aug-2021,EQ,708.0,723.4,655.0,720.8,659.55,658.6,673.09,892.0,178.05,"1,570,446","1,057,055,936.60","52,776"
06-Aug-2021,EQ,718.5,737.0,715.75,717.05,721.25,720.8,723.4,892.0,155.3,"151,982","109,943,645.45","7,401"
05-Aug-2021,EQ,728.0,735.0,715.0,722.7,718.0,717.05,721.26,892.0,155.3,"234,539","169,162,571.65","11,264"
04-Aug-2021,EQ,730.0,743.55,720.0,726.25,722.0,722.7,729.65,892.0,155.3,"282,857","206,386,337.55","10,468"
03-Aug-2021,EQ,743.0,745.55,721.0,737.1,725.0,726.25,731.1,892.0,155.3,"322,365","235,681,956.00","13,143"
02-Aug-2021,EQ,758.0,764.7,732.0,747.6,735.0,737.1,743.98,892.0,155.3,"320,001","238,074,725.15","15,692"
30-Jul-2021,EQ,710.0,763.0,707.55,705.35,750.0,747.6,741.02,892.0,136.15,"864,626","640,708,931.85","34,577"
29-Jul-2021,EQ,755.7,760.95,695.05,744.9,706.0,705.35,717.8,892.0,136.15,"1,361,790","977,486,810.35","73,458"
28-Jul-2021,EQ,833.0,840.95,715.25,832.9,745.0,744.9,765.08,892.0,136.15,"1,919,201","1,468,333,010.55","78,787"
27-Jul-2021,EQ,850.25,859.0,817.0,843.45,830.0,832.9,836.78,892.0,136.15,"477,440","399,511,604.15","16,653"
26-Jul-2021,EQ,855.7,892.0,826.2,853.55,843.5,843.45,863.63,892.0,136.15,"1,174,196","1,014,074,629.30","40,284"
23-Jul-2021,EQ,819.0,871.0,815.0,803.3,852.1,853.55,848.81,871.0,128.05,"2,853,649","2,422,205,156.60","76,556"
22-Jul-2021,EQ,766.7,809.5,765.55,759.9,809.0,803.3,792.68,848.5,128.05,"897,033","711,058,197.55","28,351"
20-Jul-2021,EQ,778.4,782.65,745.75,774.45,759.0,759.9,760.0,848.5,128.05,"326,815","248,379,813.35","12,631"
19-Jul-2021,EQ,767.9,804.0,760.0,777.0,774.0,774.45,784.88,848.5,128.05,"606,332","475,897,653.65","24,164"
16-Jul-2021,EQ,780.0,810.0,765.1,772.45,777.0,777.0,787.74,848.5,112.0,"1,049,772","826,944,093.05","43,206"
15-Jul-2021,EQ,717.0,783.8,704.0,710.65,777.0,772.45,754.93,848.5,112.0,"1,676,467","1,265,613,602.35","57,330"
14-Jul-2021,EQ,714.95,717.95,707.4,712.6,710.9,710.65,711.22,848.5,112.0,"176,244","125,347,513.85","6,270"
13-Jul-2021,EQ,717.95,722.0,707.0,711.95,711.8,712.6,714.42,848.5,112.0,"170,101","121,522,824.00","7,994"
12-Jul-2021,EQ,718.0,735.0,707.25,712.7,715.0,711.95,721.97,848.5,112.0,"210,082","151,673,061.00","10,301"
09-Jul-2021,EQ,705.0,722.9,703.4,703.5,714.95,712.7,714.07,848.5,105.5,"144,417","103,124,108.40","6,977"
08-Jul-2021,EQ,710.0,718.2,699.65,708.15,704.95,703.5,706.67,848.5,105.5,"306,836","216,830,561.90","13,577"
07-Jul-2021,EQ,715.8,722.9,702.0,708.9,710.0,708.15,711.05,848.5,105.5,"227,329","161,642,205.25","13,165"
06-Jul-2021,EQ,728.45,738.0,703.0,724.1,714.0,708.9,719.18,848.5,105.5,"367,452","264,263,471.60","14,523"
05-Jul-2021,EQ,740.65,744.85,722.0,738.3,723.95,724.1,727.65,848.5,105.5,"313,892","228,403,812.35","15,393"
02-Jul-2021,EQ,738.4,749.95,734.55,730.7,737.0,738.3,741.09,848.5,105.0,"244,019","180,838,843.20","7,852"
01-Jul-2021,EQ,728.75,740.25,723.0,723.95,734.35,730.7,731.54,848.5,105.0,"604,041","441,879,413.75","11,616"
30-Jun-2021,EQ,718.0,740.0,715.45,714.7,728.0,723.95,731.0,848.5,105.0,"315,725","230,795,589.00","20,631"
29-Jun-2021,EQ,722.4,727.6,710.2,720.65,716.95,714.7,717.14,848.5,105.0,"296,504","212,635,410.90","16,161"
28-Jun-2021,EQ,741.0,747.0,716.75,738.3,720.0,720.65,725.46,848.5,105.0,"291,395","211,395,022.85","13,532"
25-Jun-2021,EQ,733.0,744.0,733.0,727.1,740.2,738.3,738.99,848.5,101.15,"174,432","128,902,996.90","8,003"
24-Jun-2021,EQ,730.0,746.0,725.0,735.4,726.35,727.1,731.39,848.5,101.15,"152,138","111,272,967.35","8,773"
23-Jun-2021,EQ,745.0,756.65,731.0,740.65,735.1,735.4,739.36,848.5,101.15,"261,412","193,278,443.15","12,769"
22-Jun-2021,EQ,754.0,759.95,737.25,746.65,741.85,740.65,749.56,848.5,101.15,"169,785","127,264,241.55","11,242"
21-Jun-2021,EQ,719.1,760.0,719.1,741.25,745.0,746.65,743.41,848.5,101.15,"403,994","300,331,296.10","23,608"
18-Jun-2021,EQ,769.9,775.0,714.45,765.85,741.4,741.25,741.28,848.5,86.1,"397,673","294,787,752.40","16,882"
17-Jun-2021,EQ,758.9,778.0,753.55,763.9,763.0,765.85,768.63,848.5,86.1,"237,227","182,340,382.55","10,884"
16-Jun-2021,EQ,773.5,814.0,760.0,769.55,761.35,763.9,787.36,848.5,86.1,"1,163,175","915,832,921.40","39,850"
15-Jun-2021,EQ,768.9,773.65,756.0,763.25,767.7,769.55,765.71,848.5,86.1,"232,243","177,829,846.85","15,528"
14-Jun-2021,EQ,765.0,774.9,739.0,767.5,762.0,763.25,759.97,848.5,86.1,"268,149","203,785,861.60","19,531"
11-Jun-2021,EQ,775.0,784.0,764.1,764.1,767.4,767.5,775.09,848.5,81.9,"380,330","294,789,865.35","21,354"
10-Jun-2021,EQ,761.95,774.0,752.0,747.8,764.0,764.1,765.83,848.5,81.9,"275,611","211,070,685.85","24,931"
09-Jun-2021,EQ,776.8,784.0,742.0,768.95,748.25,747.8,765.65,848.5,81.9,"557,502","426,853,711.65","29,063"
08-Jun-2021,EQ,741.0,774.9,722.0,735.65,767.0,768.95,751.79,848.5,81.9,"845,214","635,425,248.40","34,963"
07-Jun-2021,EQ,745.0,750.0,731.1,735.4,733.5,735.65,737.38,848.5,81.9,"224,045","165,206,737.90","14,932"
04-Jun-2021,EQ,752.3,755.9,731.3,752.3,737.8,735.4,741.5,848.5,68.0,"238,832","177,093,659.65","11,855"
03-Jun-2021,EQ,759.0,768.5,749.65,758.15,753.0,752.3,758.09,848.5,68.0,"145,854","110,569,764.20","12,342"
02-Jun-2021,EQ,746.15,764.2,741.0,746.15,755.4,758.15,754.81,848.5,68.0,"266,624","201,251,334.40","20,421"
01-Jun-2021,EQ,775.0,779.9,730.0,773.75,745.6,746.15,753.42,848.5,68.0,"302,336","227,785,951.40","25,175"
31-May-2021,EQ,772.0,782.7,755.75,765.6,775.0,773.75,773.07,848.5,68.0,"443,918","343,179,894.10","41,392"
28-May-2021,EQ,769.95,788.0,760.0,767.6,765.25,765.6,769.92,848.5,65.0,"318,431","245,167,471.20","26,501"
27-May-2021,EQ,764.65,782.95,727.25,762.45,769.7,767.6,765.68,848.5,65.0,"1,809,395","1,385,413,711.15","34,370"
26-May-2021,EQ,774.8,775.0,756.0,769.4,764.0,762.45,762.55,848.5,65.0,"177,276","135,181,278.75","13,648"
25-May-2021,EQ,783.0,794.0,758.6,775.3,763.9,769.4,774.52,848.5,65.0,"304,380","235,749,413.20","22,717"
24-May-2021,EQ,766.9,786.9,762.0,761.65,778.85,775.3,776.66,848.5,65.0,"551,188","428,084,843.85","29,102"
21-May-2021,EQ,762.0,772.5,756.0,755.75,759.5,761.65,762.75,848.5,61.55,"342,103","260,939,774.50","19,639"
20-May-2021,EQ,749.45,767.25,739.1,743.2,758.0,755.75,757.58,848.5,61.55,"388,126","294,036,636.25","26,090"
19-May-2021,EQ,724.0,760.95,721.0,719.75,748.2,743.2,745.74,848.5,61.55,"681,399","508,144,086.20","44,692"
18-May-2021,EQ,723.0,732.0,710.05,719.8,719.9,719.75,720.59,848.5,61.55,"350,488","252,557,013.35","22,413"
17-May-2021,EQ,725.7,733.65,712.0,719.8,720.0,719.8,721.65,848.5,61.55,"357,896","258,274,023.70","28,950"
14-May-2021,EQ,719.4,735.0,686.0,709.6,721.0,719.8,715.53,848.5,61.55,"653,613","467,682,940.60","34,720"
12-May-2021,EQ,772.45,778.8,700.0,756.85,707.0,709.6,727.28,848.5,61.55,"1,146,398","833,748,554.55","53,265"
11-May-2021,EQ,790.0,795.0,745.0,822.55,757.0,756.85,768.93,848.5,61.55,"1,221,855","939,524,413.45","45,973"
10-May-2021,EQ,804.0,848.5,793.0,795.85,823.5,822.55,824.27,848.5,61.55,"1,002,220","826,098,674.20","36,540"
07-May-2021,EQ,800.0,825.0,765.1,794.15,792.0,795.85,797.58,825.0,61.55,"945,458","754,077,147.15","35,004"
06-May-2021,EQ,703.0,806.9,695.1,696.05,794.0,794.15,766.66,806.9,61.55,"2,382,352","1,826,448,066.55","76,204"
05-May-2021,EQ,698.2,709.85,691.0,696.3,700.0,696.05,699.46,773.8,61.55,"174,607","122,131,301.55","10,929"
04-May-2021,EQ,714.0,728.85,691.0,702.85,701.25,696.3,710.71,773.8,61.55,"373,798","265,662,126.60","20,274"
03-May-2021,EQ,679.0,713.7,669.05,681.3,703.0,702.85,698.19,773.8,61.55,"596,566","416,514,241.05","26,460"
30-Apr-2021,EQ,690.0,698.45,677.75,696.05,682.05,681.3,685.66,773.8,61.55,"512,062","351,101,826.75","12,295"
29-Apr-2021,EQ,705.0,708.0,685.15,698.35,693.35,696.05,693.03,773.8,61.55,"244,963","169,766,036.75","15,291"
28-Apr-2021,EQ,707.9,712.9,693.0,698.3,696.85,698.35,699.67,773.8,61.55,"217,899","152,456,786.40","12,740"
27-Apr-2021,EQ,715.9,723.95,695.0,710.95,699.9,698.3,702.85,773.8,61.55,"217,439","152,827,051.65","11,137"
26-Apr-2021,EQ,724.95,748.0,705.5,715.65,709.0,710.95,726.2,773.8,61.55,"325,883","236,656,800.10","10,761"
23-Apr-2021,EQ,712.25,735.3,712.0,708.7,715.4,715.65,721.54,773.8,61.55,"182,032","131,343,590.45","7,618"
22-Apr-2021,EQ,719.0,728.2,698.05,714.05,707.5,708.7,713.24,773.8,61.55,"325,044","231,835,917.60","16,697"
20-Apr-2021,EQ,697.0,741.0,686.15,685.2,717.95,714.05,721.84,773.8,61.55,"795,133","573,958,240.05","33,541"
19-Apr-2021,EQ,665.0,696.4,657.8,687.15,686.0,685.2,678.18,773.8,61.55,"375,339","254,547,509.40","24,827"
16-Apr-2021,EQ,691.6,715.0,681.0,685.4,685.2,687.15,697.04,773.8,61.55,"395,177","275,456,017.80","21,334"
15-Apr-2021,EQ,670.0,718.0,670.0,703.65,688.9,685.4,688.64,773.8,61.55,"473,646","326,169,241.45","28,769"
13-Apr-2021,EQ,658.9,724.0,643.0,651.8,699.0,703.65,687.74,773.8,61.55,"728,888","501,285,790.70","36,473"
12-Apr-2021,EQ,695.0,695.9,635.0,708.15,655.0,651.8,662.75,773.8,61.55,"434,865","288,207,127.75","26,733"
09-Apr-2021,EQ,711.0,724.35,701.0,716.35,704.0,708.15,708.22,773.8,61.55,"198,001","140,228,473.20","12,366"
08-Apr-2021,EQ,742.4,742.5,713.95,735.1,715.0,716.35,725.63,773.8,61.55,"299,683","217,458,948.45","12,533"
07-Apr-2021,EQ,744.9,748.65,730.0,738.15,734.3,735.1,736.28,773.8,61.55,"326,916","240,700,850.30","13,262"
06-Apr-2021,EQ,717.4,749.9,711.0,710.85,737.65,738.15,732.08,773.8,61.55,"657,638","481,442,537.60","27,482"
05-Apr-2021,EQ,729.9,734.75,683.7,730.75,709.0,710.85,706.16,773.8,61.55,"682,379","481,866,264.50","33,642"
01-Apr-2021,EQ,754.0,773.8,715.5,740.0,729.0,730.75,739.83,773.8,51.85,"1,118,716","827,659,339.60","47,808"
31-Mar-2021,EQ,703.0,746.0,698.15,695.2,742.9,740.0,732.82,746.0,51.85,"1,909,474","1,399,298,030.40","63,620"
30-Mar-2021,EQ,644.7,713.35,630.65,623.4,695.5,695.2,684.12,732.0,51.85,"1,227,419","839,696,603.05","42,714"
26-Mar-2021,EQ,622.9,638.25,611.7,616.6,627.0,623.4,622.84,732.0,43.8,"319,546","199,024,444.35","11,564"
25-Mar-2021,EQ,664.7,664.7,588.0,655.95,616.05,616.6,616.41,732.0,43.8,"962,074","593,033,890.30","26,835"
24-Mar-2021,EQ,651.0,682.15,650.0,651.2,658.0,655.95,666.56,732.0,43.8,"1,698,489","1,132,151,900.95","26,220"
23-Mar-2021,EQ,689.9,697.3,622.3,682.0,645.35,651.2,665.07,732.0,43.8,"1,881,104","1,251,068,655.50","25,870"
22-Mar-2021,EQ,699.0,732.0,670.3,673.3,683.0,682.0,690.07,732.0,43.8,"1,806,164","1,246,386,306.20","55,617"
19-Mar-2021,EQ,580.0,694.0,565.25,590.75,677.95,673.3,659.15,694.0,43.8,"3,940,784","2,597,548,276.30","59,099"
18-Mar-2021,EQ,603.6,613.9,565.05,588.5,593.05,590.75,589.3,647.9,43.8,"1,303,577","768,202,568.65","31,044"
17-Mar-2021,EQ,605.8,647.9,580.0,614.9,582.0,588.5,620.87,647.9,43.8,"3,469,313","2,154,002,585.75","158,399"
16-Mar-2021,EQ,529.0,627.0,529.0,522.6,611.0,614.9,592.96,627.0,43.8,"4,688,811","2,780,266,715.90","164,144"
15-Mar-2021,EQ,502.0,527.0,501.25,498.05,524.0,522.6,516.43,527.0,43.8,"1,081,788","558,668,160.25","29,512"
12-Mar-2021,EQ,487.1,509.0,483.35,484.2,497.25,498.05,499.81,509.0,43.8,"966,441","483,038,923.20","30,586"
10-Mar-2021,EQ,476.0,488.9,476.0,471.35,484.15,484.2,484.22,502.3,43.8,"382,645","185,283,192.80","13,390"
09-Mar-2021,EQ,474.8,484.5,463.1,467.3,475.0,471.35,473.1,502.3,43.8,"477,961","226,125,440.90","20,215"
08-Mar-2021,EQ,461.9,470.85,460.1,460.6,468.6,467.3,467.12,502.3,43.8,"242,336","113,201,122.50","12,250"
05-Mar-2021,EQ,479.7,494.7,455.1,479.75,460.95,460.6,471.95,502.3,43.8,"506,787","239,175,650.10","18,361"
04-Mar-2021,EQ,460.0,492.0,454.0,459.65,486.0,479.75,477.95,502.3,43.8,"1,133,841","541,924,337.50","29,520"
03-Mar-2021,EQ,436.1,465.0,436.1,435.95,461.2,459.65,451.63,502.3,43.8,"1,061,491","479,400,527.55","25,362"
02-Mar-2021,EQ,431.0,440.0,424.95,426.8,432.15,435.95,432.15,502.3,43.8,"520,084","224,753,558.40","7,747"
01-Mar-2021,EQ,436.0,447.95,421.45,434.05,426.0,426.8,434.75,502.3,43.8,"542,258","235,746,395.85","12,059"
26-Feb-2021,EQ,438.8,442.0,431.3,439.4,433.5,434.05,436.41,502.3,43.8,"391,375","170,798,866.00","8,844"
25-Feb-2021,EQ,441.6,447.0,436.5,440.9,439.95,439.4,441.03,502.3,43.8,"342,536","151,068,454.00","8,490"
24-Feb-2021,EQ,445.0,447.4,432.25,441.2,438.0,440.9,440.4,502.3,43.8,"180,012","79,277,281.40","3,092"
23-Feb-2021,EQ,452.0,454.5,438.15,448.85,439.9,441.2,443.87,502.3,43.8,"525,970","233,463,145.75","9,658"
22-Feb-2021,EQ,437.2,461.55,436.05,433.25,447.0,448.85,446.32,502.3,43.8,"979,622","437,221,581.25","24,262"
19-Feb-2021,EQ,447.0,454.0,428.8,445.15,433.0,433.25,441.32,502.3,43.8,"354,006","156,230,108.20","11,311"
18-Feb-2021,EQ,448.7,454.9,436.0,444.2,444.9,445.15,442.71,502.3,43.8,"542,662","240,243,578.95","12,097"
17-Feb-2021,EQ,430.85,454.0,425.05,428.25,443.0,444.2,440.41,502.3,43.8,"286,245","126,064,544.50","10,712"
16-Feb-2021,EQ,438.0,446.0,424.75,437.9,426.0,428.25,433.42,502.3,43.8,"185,603","80,443,907.40","6,453"
15-Feb-2021,EQ,451.7,451.7,435.0,446.15,436.9,437.9,444.51,502.3,43.8,"142,451","63,320,667.80","7,293"
12-Feb-2021,EQ,447.0,464.0,444.1,447.6,445.5,446.15,453.89,502.3,43.8,"261,605","118,738,852.55","8,635"
11-Feb-2021,EQ,446.0,456.0,441.0,447.35,447.3,447.6,449.21,502.3,43.8,"168,009","75,470,978.60","5,318"
10-Feb-2021,EQ,441.0,451.5,433.1,441.15,446.5,447.35,445.96,502.3,43.8,"381,153","169,977,942.50","12,481"
09-Feb-2021,EQ,480.0,481.9,436.1,480.1,441.5,441.15,452.92,502.3,43.8,"716,667","324,594,951.55","17,701"
08-Feb-2021,EQ,453.7,502.3,433.0,450.1,475.95,480.1,470.52,502.3,43.8,"2,931,683","1,379,403,737.15","53,288"
05-Feb-2021,EQ,421.75,459.0,385.35,399.25,444.0,450.1,430.93,459.0,43.8,"2,659,382","1,146,012,061.55","78,731"
04-Feb-2021,EQ,399.25,399.25,399.25,380.25,399.25,399.25,399.25,399.25,43.8,"271,732","108,489,001.00",635
03-Feb-2021,EQ,380.25,380.25,380.25,362.15,380.25,380.25,380.25,380.25,43.8,"206,123","78,378,270.75","1,175"
02-Feb-2021,EQ,349.0,362.15,348.05,344.95,362.15,362.15,359.7,364.2,43.8,"717,659","258,141,964.45","6,808"
01-Feb-2021,EQ,329.9,345.3,323.5,328.9,345.05,344.95,339.34,364.2,43.8,"401,634","136,290,874.45","8,422"
29-Jan-2021,EQ,328.0,334.5,322.5,325.7,327.5,328.9,328.33,364.2,43.8,"180,487","59,259,714.10","4,435"
28-Jan-2021,EQ,317.95,331.0,313.55,317.95,326.85,325.7,321.94,364.2,43.8,"235,166","75,709,820.90","4,851"
27-Jan-2021,EQ,326.0,327.35,316.0,325.65,316.0,317.95,319.73,364.2,43.8,"127,162","40,657,806.10","5,348"
25-Jan-2021,EQ,320.1,329.1,311.75,317.15,325.0,325.65,322.21,364.2,43.8,"277,091","89,281,986.05","6,048"
22-Jan-2021,EQ,327.9,335.0,313.8,330.3,317.0,317.15,319.67,364.2,43.8,"375,276","119,965,734.70","8,576"
21-Jan-2021,EQ,333.0,335.0,325.4,329.85,328.05,330.3,330.66,364.2,43.8,"239,861","79,312,170.45","11,364"
20-Jan-2021,EQ,329.0,335.35,324.5,326.35,329.8,329.85,331.12,364.2,43.8,"233,037","77,163,977.60","9,827"
19-Jan-2021,EQ,323.1,334.5,318.0,324.05,329.7,326.35,325.23,364.2,43.8,"219,216","71,295,525.85","8,270"
18-Jan-2021,EQ,336.0,338.2,318.9,334.5,322.55,324.05,326.23,364.2,43.8,"216,343","70,577,915.55","10,646"
15-Jan-2021,EQ,327.0,340.0,324.65,324.5,340.0,334.5,333.14,364.2,43.8,"432,850","144,198,199.30","8,628"
14-Jan-2021,EQ,322.9,333.5,314.0,321.8,326.25,324.5,324.01,364.2,43.8,"340,389","110,290,131.85","7,201"
13-Jan-2021,EQ,338.9,343.6,319.6,336.4,319.6,321.8,327.98,364.2,43.8,"283,939","93,125,872.80","13,134"
12-Jan-2021,EQ,344.7,352.6,332.8,344.7,336.25,336.4,340.26,364.2,43.8,"249,248","84,809,108.45","8,526"
11-Jan-2021,EQ,353.0,364.2,340.55,348.35,347.0,344.7,351.05,364.2,43.8,"429,915","150,922,277.80","14,630"
08-Jan-2021,EQ,350.0,357.0,346.3,340.3,347.5,348.35,352.88,357.0,43.8,"600,767","212,000,445.85","12,603"
07-Jan-2021,EQ,326.8,340.3,326.0,324.1,340.3,340.3,337.11,342.5,43.8,"560,738","189,029,617.10","8,535"
06-Jan-2021,EQ,333.0,342.5,321.5,328.75,323.0,324.1,334.05,342.5,43.8,"729,416","243,662,776.40","16,015"
05-Jan-2021,EQ,314.05,331.65,312.5,315.9,331.45,328.75,325.19,331.65,43.8,"638,210","207,541,378.85","10,367"
04-Jan-2021,EQ,314.7,318.0,306.15,309.4,315.5,315.9,313.43,330.6,43.8,"238,525","74,760,414.20","5,928"
01-Jan-2021,EQ,316.0,317.4,308.4,315.05,309.0,309.4,311.54,330.6,43.8,"123,444","38,457,876.00","3,912"
31-Dec-2020,EQ,319.4,322.5,313.05,316.85,315.0,315.05,317.64,330.6,43.8,"166,479","52,880,836.95","4,730"
30-Dec-2020,EQ,322.0,330.0,315.5,319.05,316.2,316.85,323.58,330.6,43.8,"388,850","125,822,856.80","8,504"
29-Dec-2020,EQ,311.4,322.45,303.9,307.1,319.9,319.05,316.83,330.6,43.8,"433,780","137,433,624.45","9,130"
28-Dec-2020,EQ,306.0,313.3,306.0,304.0,306.5,307.1,309.99,330.6,43.8,"135,056","41,865,765.35","3,664"
24-Dec-2020,EQ,313.0,316.65,302.55,310.45,304.7,304.0,308.88,330.6,43.8,"158,390","48,924,026.30","4,306"
23-Dec-2020,EQ,303.0,313.3,299.3,298.4,310.5,310.45,308.74,330.6,43.8,"385,605","119,050,454.75","6,139"
22-Dec-2020,EQ,292.55,304.8,280.5,295.25,300.0,298.4,289.18,330.6,43.8,"339,942","98,305,047.00","6,213"
21-Dec-2020,EQ,298.0,310.5,281.1,295.75,291.9,295.25,301.9,330.6,43.8,"615,298","185,761,476.35","10,515"
18-Dec-2020,EQ,308.0,308.0,289.9,305.15,294.8,295.75,294.54,330.6,43.8,"285,393","84,059,809.25","5,418"
17-Dec-2020,EQ,319.25,324.9,303.05,318.95,303.05,305.15,311.98,330.6,43.8,"345,762","107,870,615.85","6,632"
16-Dec-2020,EQ,313.85,330.6,308.6,315.75,318.05,318.95,322.89,330.6,43.8,"545,466","176,127,713.55","12,832"
15-Dec-2020,EQ,308.95,315.75,295.0,300.75,315.75,315.75,311.75,315.75,43.8,"675,467","210,580,199.80","9,430"
14-Dec-2020,EQ,286.0,300.75,286.0,286.45,300.75,300.75,297.71,300.75,43.8,"535,022","159,283,515.10","10,635"
11-Dec-2020,EQ,284.0,287.9,282.1,283.2,287.5,286.45,285.66,296.5,43.8,"106,656","30,467,855.70","4,299"
10-Dec-2020,EQ,284.5,288.95,280.0,286.4,283.5,283.2,284.04,296.5,43.8,"121,177","34,418,978.85","3,772"
09-Dec-2020,EQ,288.25,292.0,273.85,288.25,285.0,286.4,286.28,296.5,43.8,"136,663","39,123,801.45","3,717"
08-Dec-2020,EQ,292.0,294.8,283.3,290.2,287.0,288.25,288.24,296.5,43.8,"182,774","52,683,023.35","7,903"
07-Dec-2020,EQ,293.05,296.5,288.3,290.35,290.0,290.2,293.03,296.5,43.8,"230,372","67,505,042.75","6,171"
04-Dec-2020,EQ,286.1,292.0,281.8,285.35,290.0,290.35,287.74,292.0,43.8,"213,253","61,362,219.80","5,878"
03-Dec-2020,EQ,287.25,292.0,283.75,287.4,284.3,285.35,288.2,292.0,43.8,"254,654","73,391,980.75","7,320"
02-Dec-2020,EQ,279.0,290.0,277.25,280.75,287.0,287.4,286.6,290.0,43.8,"324,274","92,936,257.20","8,629"
01-Dec-2020,EQ,272.75,282.0,272.75,272.75,279.25,280.75,279.46,282.0,43.8,"239,871","67,033,430.65","5,300"
27-Nov-2020,EQ,278.45,282.0,268.25,276.9,271.5,272.75,274.33,282.0,43.8,"351,373","96,392,277.20","4,980"
26-Nov-2020,EQ,264.55,277.0,262.1,263.85,277.0,276.9,273.39,277.0,43.8,"406,819","111,220,515.25","4,787"
25-Nov-2020,EQ,265.7,270.0,263.0,265.7,264.3,263.85,266.11,270.0,43.8,"254,014","67,595,382.90","2,499"
24-Nov-2020,EQ,264.0,270.0,261.5,262.65,266.9,265.7,267.01,270.0,43.8,"212,633","56,775,221.60","4,604"
23-Nov-2020,EQ,258.3,265.1,256.95,257.0,263.95,262.65,261.82,270.0,43.8,"266,677","69,821,955.35","5,362"
20-Nov-2020,EQ,261.5,264.0,254.1,261.5,256.3,257.0,258.31,270.0,43.8,"118,928","30,719,889.80","2,218"
19-Nov-2020,EQ,260.0,270.0,258.0,262.45,261.0,261.5,265.87,270.0,43.8,"267,998","71,253,370.60","9,557"
18-Nov-2020,EQ,260.0,266.5,258.0,258.3,263.0,262.45,263.56,266.5,43.8,"287,562","75,790,617.60","5,616"
17-Nov-2020,EQ,252.0,263.45,252.0,256.85,259.2,258.3,257.0,265.2,43.8,"504,120","129,559,930.35","6,788"
14-Nov-2020,EQ,257.95,258.05,252.5,252.3,257.85,256.85,256.33,265.2,43.8,"83,696","21,453,914.85","1,158"
13-Nov-2020,EQ,259.0,265.2,249.9,256.0,251.9,252.3,256.71,265.2,43.8,"225,728","57,946,405.10","4,790"
12-Nov-2020,EQ,245.9,256.3,244.0,244.1,256.3,256.0,254.41,259.4,43.8,"581,953","148,052,738.65","5,272"
11-Nov-2020,EQ,239.7,247.4,238.6,240.7,244.0,244.1,243.48,259.4,43.8,"288,814","70,320,970.30","5,087"
10-Nov-2020,EQ,240.9,247.3,227.35,239.3,242.0,240.7,240.16,259.4,43.8,"278,509","66,886,707.75","5,642"
09-Nov-2020,EQ,239.0,242.0,235.5,238.9,236.15,239.3,240.63,259.4,43.8,"288,551","69,434,103.60","5,657"
06-Nov-2020,EQ,240.5,241.65,237.0,240.2,239.5,238.9,239.49,259.4,43.8,"152,241","36,459,918.55","4,123"
05-Nov-2020,EQ,235.0,241.0,233.0,232.7,239.25,240.2,238.02,259.4,43.8,"308,412","73,409,629.20","5,907"
04-Nov-2020,EQ,235.1,238.65,229.45,234.65,230.0,232.7,233.65,259.4,43.8,"226,926","53,020,457.75","3,765"
03-Nov-2020,EQ,240.0,242.0,232.35,238.1,233.8,234.65,236.46,259.4,43.8,"134,600","31,827,814.85","3,125"
02-Nov-2020,EQ,247.35,247.35,236.0,238.7,238.8,238.1,240.23,259.4,43.8,"245,507","58,977,887.85","6,124"
30-Oct-2020,EQ,240.05,246.5,235.2,238.8,236.2,238.7,241.16,259.4,43.8,"586,183","141,362,794.80","12,285"
29-Oct-2020,EQ,236.8,240.0,231.95,234.6,238.75,238.8,237.1,259.4,43.8,"162,217","38,461,959.50","4,143"
28-Oct-2020,EQ,240.45,245.6,231.9,235.4,234.4,234.6,238.03,259.4,43.8,"207,065","49,287,253.55","4,617"
27-Oct-2020,EQ,238.95,238.95,230.0,236.2,237.0,235.4,233.67,259.4,43.8,"146,551","34,244,391.05","4,903"
26-Oct-2020,EQ,247.0,248.5,234.25,245.15,236.2,236.2,239.26,259.4,43.8,"157,134","37,595,573.00","3,719"
23-Oct-2020,EQ,248.9,259.4,243.0,248.0,245.7,245.15,250.53,259.4,43.8,"621,552","155,718,909.05","8,622"
22-Oct-2020,EQ,238.5,249.35,233.05,237.5,249.0,248.0,245.5,256.9,43.8,"398,264","97,773,484.95","3,904"
21-Oct-2020,EQ,239.8,246.1,236.3,239.7,236.6,237.5,241.63,256.9,43.8,"137,694","33,271,355.75","2,593"
20-Oct-2020,EQ,236.75,241.0,236.05,236.75,238.5,239.7,238.85,256.9,43.8,"91,603","21,879,006.15","1,598"
19-Oct-2020,EQ,236.1,243.0,236.0,236.05,236.7,236.75,239.37,256.9,43.8,"111,058","26,584,204.00","2,360"
16-Oct-2020,EQ,240.0,244.45,233.0,239.1,237.0,236.05,238.42,256.9,43.8,"110,044","26,236,480.80","2,709"
15-Oct-2020,EQ,239.5,246.55,237.1,234.85,239.0,239.1,244.16,256.9,43.8,"490,676","119,801,425.40","5,617"
14-Oct-2020,EQ,230.75,238.55,219.0,229.9,236.8,234.85,230.87,256.9,43.8,"177,613","41,005,475.85","5,020"
13-Oct-2020,EQ,232.0,235.0,229.0,231.75,230.0,229.9,231.35,256.9,43.8,"111,941","25,897,340.95","3,369"
12-Oct-2020,EQ,241.4,241.8,229.1,239.7,231.0,231.75,234.83,256.9,43.8,"112,505","26,419,866.55","2,428"
09-Oct-2020,EQ,235.0,241.65,232.0,230.15,239.95,239.7,239.8,256.9,43.8,"441,121","105,781,382.45","4,609"
08-Oct-2020,EQ,235.0,244.95,225.05,236.7,230.75,230.15,233.63,256.9,43.8,"495,212","115,698,002.85","10,423"
07-Oct-2020,EQ,244.1,247.8,236.7,249.15,236.7,236.7,239.8,256.9,43.8,"418,539","100,364,816.80","5,993"
06-Oct-2020,EQ,256.9,256.9,247.85,246.1,249.0,249.15,250.9,256.9,43.8,"479,498","120,307,927.60","7,036"
05-Oct-2020,EQ,239.0,246.1,235.1,234.4,246.1,246.1,242.92,246.1,43.8,"345,975","84,043,561.05","4,802"
01-Oct-2020,EQ,234.4,234.4,230.0,223.25,234.4,234.4,234.04,234.4,43.8,"354,984","83,079,059.50","1,544"
30-Sep-2020,EQ,213.0,223.25,213.0,212.65,223.25,223.25,220.52,223.7,43.8,"412,554","90,975,719.65","2,954"
29-Sep-2020,EQ,210.0,215.95,206.55,205.7,212.5,212.65,213.91,223.7,43.8,"499,881","106,930,651.25","4,729"
28-Sep-2020,EQ,209.7,210.0,204.5,205.2,206.5,205.7,207.08,223.7,43.8,"103,916","21,519,405.70","2,058"
25-Sep-2020,EQ,204.7,206.5,201.0,199.85,204.3,205.2,203.93,223.7,43.8,"117,526","23,967,185.45","2,059"
24-Sep-2020,EQ,202.5,206.0,195.25,202.95,201.8,199.85,201.32,223.7,43.8,"191,780","38,609,874.35","3,573"
23-Sep-2020,EQ,211.4,215.9,201.5,207.65,202.95,202.95,207.95,223.7,43.8,"157,491","32,749,583.10","3,783"
22-Sep-2020,EQ,210.0,210.0,198.4,208.8,208.9,207.65,203.64,223.7,43.8,"247,810","50,464,114.10","4,708"
21-Sep-2020,EQ,217.95,218.0,202.75,213.4,206.6,208.8,210.45,223.7,43.8,"290,109","61,052,370.85","5,603"
18-Sep-2020,EQ,218.95,223.7,210.0,215.65,214.2,213.4,217.07,226.3,43.8,"353,504","76,733,443.20","6,756"
17-Sep-2020,EQ,208.3,218.7,207.0,208.3,214.5,215.65,216.53,226.3,43.8,"722,319","156,406,942.05","7,166"
16-Sep-2020,EQ,205.5,209.9,200.0,205.05,207.0,208.3,205.04,226.3,43.8,"185,233","37,980,667.15","2,884"
15-Sep-2020,EQ,209.3,209.3,199.8,204.2,205.0,205.05,203.72,226.3,43.8,"447,574","91,180,027.40","4,230"
14-Sep-2020,EQ,199.5,204.2,196.0,194.5,204.2,204.2,202.83,226.3,43.8,"431,227","87,465,380.80","3,764"
11-Sep-2020,EQ,188.1,196.5,185.1,189.25,194.4,194.5,192.45,229.0,43.8,"260,104","50,057,605.10","2,900"
10-Sep-2020,EQ,188.9,194.55,186.7,185.3,189.8,189.25,192.25,229.0,43.8,"244,028","46,915,421.65","2,497"
09-Sep-2020,EQ,183.5,186.6,181.4,186.6,185.5,185.3,184.12,229.0,43.8,"116,732","21,492,485.30","2,872"
08-Sep-2020,EQ,185.0,192.5,185.0,186.5,186.5,186.6,188.75,229.0,43.8,"193,745","36,569,042.45","3,082"
07-Sep-2020,EQ,183.3,190.15,183.3,187.05,187.1,186.5,187.33,229.0,43.8,"93,240","17,466,726.30","1,518"
04-Sep-2020,EQ,182.5,190.5,182.25,191.65,186.7,187.05,187.34,229.0,43.8,"287,773","53,911,525.85","2,560"
03-Sep-2020,EQ,187.6,195.15,185.05,185.9,191.75,191.65,194.25,229.0,43.8,"928,557","180,375,621.85","5,371"
02-Sep-2020,EQ,187.25,188.55,181.8,187.25,187.0,185.9,185.12,229.0,43.8,"168,121","31,123,374.75","3,889"
01-Sep-2020,EQ,182.15,190.0,182.15,191.7,185.1,187.25,183.43,229.0,43.8,"510,913","93,715,770.10","2,811"
31-Aug-2020,EQ,209.0,211.8,191.7,201.75,191.7,191.7,199.3,229.0,43.8,"333,470","66,461,563.10","2,639"
28-Aug-2020,EQ,201.75,201.75,194.0,192.15,201.75,201.75,200.12,229.0,43.8,"963,061","192,725,532.80","6,580"
27-Aug-2020,EQ,182.5,192.15,178.05,183.0,192.15,192.15,182.07,229.0,43.8,"1,500,005","273,102,700.60","5,451"
26-Aug-2020,EQ,187.6,188.25,181.45,186.2,182.1,183.0,184.27,229.0,43.8,"84,514","15,572,983.35","1,581"
25-Aug-2020,EQ,191.0,192.4,185.0,188.65,185.65,186.2,188.7,229.0,43.8,"107,307","20,249,142.45","1,411"
24-Aug-2020,EQ,185.7,189.75,185.7,187.2,189.7,188.65,188.0,229.0,43.8,"88,616","16,659,786.40","1,146"
21-Aug-2020,EQ,188.8,190.4,184.2,186.65,188.0,187.2,188.09,230.8,43.8,"79,144","14,886,354.55","1,475"
20-Aug-2020,EQ,188.2,191.95,185.4,188.6,186.8,186.65,188.01,230.8,43.8,"70,925","13,334,960.90","1,060"
19-Aug-2020,EQ,192.0,194.95,187.9,191.6,188.05,188.6,190.35,230.8,43.8,"86,709","16,505,176.45","1,384"
18-Aug-2020,EQ,192.6,193.3,188.65,190.2,191.4,191.6,191.23,230.8,43.8,"138,873","26,556,810.80","2,341"
17-Aug-2020,EQ,185.45,193.0,185.45,187.8,190.3,190.2,190.16,230.8,43.8,"191,731","36,460,459.85","5,966"
14-Aug-2020,EQ,190.0,196.4,182.1,188.7,187.45,187.8,191.26,230.8,43.8,"245,574","46,968,143.80","5,184"
13-Aug-2020,EQ,189.2,193.9,186.45,185.15,190.0,188.7,189.3,230.8,43.8,"237,445","44,947,925.40","5,369"
12-Aug-2020,EQ,185.6,189.0,179.0,185.95,185.15,185.15,184.64,230.8,43.8,"208,735","38,541,621.20","3,762"
11-Aug-2020,EQ,195.0,199.0,182.5,191.15,185.6,185.95,190.48,230.8,43.8,"414,011","78,861,070.75","5,525"
10-Aug-2020,EQ,190.0,191.15,185.1,182.05,191.15,191.15,190.25,230.8,43.8,"376,421","71,613,012.00","4,917"
07-Aug-2020,EQ,182.05,182.05,175.2,173.4,182.05,182.05,181.82,230.8,43.8,"271,175","49,305,938.75","1,767"
06-Aug-2020,EQ,171.8,173.4,168.95,165.15,173.4,173.4,172.48,230.8,43.8,"322,583","55,640,199.30","2,206"
05-Aug-2020,EQ,161.95,168.9,159.9,160.9,164.75,165.15,165.23,230.8,43.8,"829,950","137,136,531.10","8,588"
04-Aug-2020,EQ,164.0,166.95,159.15,159.0,161.0,160.9,164.74,230.8,43.8,"528,003","86,980,622.70","5,092"
03-Aug-2020,EQ,161.1,162.0,155.3,159.85,159.85,159.0,158.93,230.8,43.8,"180,850","28,743,110.55","2,185"
31-Jul-2020,EQ,158.0,163.9,154.4,158.95,159.0,159.85,160.5,238.7,43.8,"292,221","46,900,798.00","3,910"
30-Jul-2020,EQ,160.0,163.85,153.65,157.05,158.15,158.95,160.01,238.7,43.8,"352,316","56,373,089.95","4,305"
29-Jul-2020,EQ,157.05,157.05,150.05,149.6,157.05,157.05,156.96,238.7,43.8,"257,950","40,488,312.45",640
28-Jul-2020,EQ,140.25,149.6,136.15,142.5,149.6,149.6,146.96,238.7,43.8,"536,494","78,844,503.85","2,480"
27-Jul-2020,EQ,148.0,148.45,142.5,150.0,142.5,142.5,143.47,238.7,43.8,"150,508","21,592,644.05",833
24-Jul-2020,EQ,162.9,162.9,147.4,155.15,150.0,150.0,153.75,268.5,43.8,"1,155,056","177,590,520.90","7,916"
23-Jul-2020,EQ,155.15,155.15,155.15,147.8,155.15,155.15,155.15,268.5,43.8,"50,874","7,893,101.10",241
22-Jul-2020,EQ,147.8,147.8,147.8,140.8,147.8,147.8,147.8,268.5,43.8,"35,881","5,303,211.80",219
21-Jul-2020,EQ,140.8,140.8,140.8,134.1,140.8,140.8,140.8,268.5,43.8,"27,533","3,876,646.40",197
20-Jul-2020,EQ,128.85,134.1,128.05,127.75,134.1,134.1,133.23,268.5,43.8,"404,767","53,926,810.80","2,226"
17-Jul-2020,EQ,127.0,129.5,125.0,125.65,128.0,127.75,127.49,291.8,43.8,"307,310","39,178,303.20","3,135"
16-Jul-2020,EQ,122.0,126.65,117.75,120.65,126.6,125.65,122.46,291.8,43.8,"375,597","45,996,216.30","3,654"
15-Jul-2020,EQ,116.0,120.65,115.6,114.95,120.65,120.65,120.18,291.8,43.8,"352,758","42,394,898.95","1,638"
14-Jul-2020,EQ,116.3,120.0,112.8,116.15,115.1,114.95,116.72,291.8,43.8,"293,728","34,284,382.25","3,593"
13-Jul-2020,EQ,112.0,116.45,112.0,110.95,116.0,116.15,115.58,291.8,43.8,"471,518","54,498,833.85","3,900"
10-Jul-2020,EQ,107.0,112.9,106.05,107.55,110.5,110.95,111.62,291.8,43.8,"256,409","28,620,201.00","2,038"
09-Jul-2020,EQ,107.15,108.95,106.1,107.15,107.8,107.55,107.62,291.8,43.8,"51,257","5,516,306.25",638
08-Jul-2020,EQ,108.0,109.7,106.0,107.15,107.25,107.15,107.87,291.8,43.8,"114,154","12,314,231.15","1,502"
07-Jul-2020,EQ,107.25,110.5,105.5,108.0,108.0,107.15,107.28,291.8,43.8,"132,061","14,167,875.45","1,255"
06-Jul-2020,EQ,108.25,109.9,107.1,107.25,108.05,108.0,108.21,291.8,43.8,"76,777","8,307,930.45",971
03-Jul-2020,EQ,110.45,110.55,105.0,109.45,107.0,107.25,107.72,291.8,43.8,"78,907","8,499,861.15",965
02-Jul-2020,EQ,111.85,112.0,108.2,111.45,109.0,109.45,110.79,291.8,43.8,"212,581","23,551,547.20","1,105"
01-Jul-2020,EQ,112.6,113.45,109.3,111.65,111.45,111.45,111.76,291.8,43.8,"90,593","10,125,029.25","1,061"
30-Jun-2020,EQ,114.0,117.3,107.15,111.75,112.0,111.65,115.13,291.8,43.8,"318,756","36,697,636.00","1,880"
29-Jun-2020,EQ,112.7,114.65,110.5,109.2,111.0,111.75,113.43,291.8,43.8,"312,241","35,416,738.35","3,240"
26-Jun-2020,EQ,101.15,109.2,101.15,104.0,109.2,109.2,108.25,291.8,43.8,"121,324","13,133,060.30","1,308"
